Client,Count_CA,Count_SA,Count_MF,Count_OVD,Count_CC,Count_CL,ActBal_CA,ActBal_SA,ActBal_MF,ActBal_OVD,ActBal_CC,ActBal_CL
1,1,,,1.0,,,1333.8028571428572,,,0.0,,
2,1,1.0,,,,,110.76857142857143,13326.190357142857,,,,
3,1,,1.0,,,,482.65464285714285,,107.25178571428572,,,
4,1,1.0,,,1.0,,1599.8407142857143,76.43714285714285,,,1110.3817857142856,
5,1,1.0,,,,,5353.483928571428,8079.715714285715,,,,
6,1,,,,,1.0,4.297142857142857,,,,,1982.0710714285713
7,1,,,,,,879.6850000000001,,,,,
8,1,,,1.0,,,0.0,,,326.9692857142857,,
9,1,,,1.0,,,510.1664285714286,,,0.0,,
10,1,1.0,,,,,253.45892857142857,116.70928571428571,,,,
11,1,1.0,,,,,709.9025,5.590357142857143,,,,
12,1,,,,,,1075.475,,,,,
13,1,1.0,,,,1.0,353.83964285714285,5.8325000000000005,,,,3458.2957142857144
14,1,1.0,2.0,,1.0,1.0,23.344642857142855,403.65928571428566,13184.9225,,53.13214285714286,17062.324285714287
15,1,,,,,,1.5453571428571429,,,,,
16,1,1.0,2.0,,,,10015.924642857144,31.65857142857143,68246.33499999999,,,
17,1,,,,,,338.77642857142854,,,,,
18,1,,,,1.0,,935.9632142857143,,,,1016.2924999999999,
19,1,1.0,,,,,26118.09857142857,71661.59285714287,,,,
20,1,1.0,,,,,2194.472142857143,18302.0625,,,,
21,1,1.0,,,,,434.7425,173499.86285714287,,,,
22,1,,,,,,2492.1467857142857,,,,,
23,1,2.0,4.0,1.0,,,22.967142857142857,25325.437857142857,868.7035714285714,333.4007142857143,,
24,1,,,,,,227.31107142857144,,,,,
25,1,,,,,,79.38107142857143,,,,,
26,1,,1.0,1.0,,,1868.2342857142855,,61064.28571428572,0.0,,
27,1,,,1.0,,,1649.98,,,0.0,,
28,1,,,,,,14.606785714285715,,,,,
29,1,,,1.0,,,373.3542857142857,,,0.0,,
30,1,1.0,2.0,1.0,1.0,,162.48250000000002,0.32392857142857145,0.0,510.77964285714285,26.38357142857143,
31,1,,,,1.0,1.0,2336.8507142857143,,,,613.6017857142857,679.5007142857143
32,2,,,1.0,,1.0,12295.25857142857,,,0.0,,14708.57142857143
33,1,,,,,,18635.575357142858,,,,,
34,1,1.0,3.0,1.0,1.0,,188.60857142857142,1343.2589285714287,0.0,0.0,728.6689285714285,
35,1,,,1.0,,,14.863214285714287,,,0.0,,
36,1,1.0,2.0,,,,60.99785714285714,1912.6325,3697.8375,,,
37,1,1.0,,,,,19.013571428571428,3850.1732142857145,,,,
38,1,1.0,,,,,6398.112142857143,7908.8832142857145,,,,
39,1,,,,,1.0,1548.2375,,,,,286.72357142857146
40,1,,,,,,871.7367857142857,,,,,
41,1,,,1.0,,,194.9557142857143,,,1373.3428571428572,,
42,1,,12.0,,,,875.3714285714286,,0.0,,,
43,1,,,1.0,,,26315.770357142854,,,0.0,,
44,1,,,,,,186.8460714285714,,,,,
45,1,1.0,,,,,0.0,38757.89464285714,,,,
46,1,1.0,1.0,,,,503.99357142857144,3628.3885714285716,1891.0521428571428,,,
47,1,1.0,5.0,,,,622.2275,1537.0542857142857,0.0,,,
48,1,,5.0,1.0,,,2418.3175,,59721.75928571429,0.0,,
49,2,,,,,,4.145357142857143,,,,,
50,1,,,,,,169.5635714285714,,,,,
51,1,1.0,,1.0,,,1856.7185714285715,5.896071428571429,,0.0,,
52,1,,,,1.0,,960.5725,,,,0.4642857142857143,
53,1,1.0,9.0,1.0,1.0,,0.0,7522.666428571429,83343.19785714286,531.1228571428571,398.34785714285715,
54,1,,,,,1.0,4.55,,,,,7857.142857142857
55,1,,,,,,735.1589285714286,,,,,
56,1,1.0,,,,,583.7142857142857,2907.094285714286,,,,
57,1,,,,,,1155.26,,,,,
58,1,,6.0,,,,1263.0528571428572,,1793.8999999999999,,,
59,1,,,,,,5676.246428571429,,,,,
60,1,,,,,,3891.1160714285716,,,,,
61,1,,,,,,232.83535714285716,,,,,
62,1,,,,,,317.9525,,,,,
63,1,1.0,2.0,,,,351.8014285714286,17220.452857142856,5616.197857142857,,,
64,1,,,1.0,,,0.7596428571428572,,,0.0,,
65,1,,,,,,220.45892857142857,,,,,
66,1,1.0,1.0,,1.0,,101.32392857142858,4104.848928571429,0.0,,671.9992857142857,
67,1,,,,,,1682.8132142857141,,,,,
68,1,,,1.0,,,4714.448214285714,,,0.0,,
69,1,,,,,,1909.81,,,,,
70,1,,,,,,346.48535714285714,,,,,
71,1,,,1.0,,,53.59607142857143,,,0.0,,
72,1,,,,,,1377.3742857142859,,,,,
73,1,1.0,1.0,1.0,,,179.35714285714286,21.01607142857143,53571.42857142857,0.0,,
74,1,1.0,,,1.0,,736.7660714285714,0.0,,,18.76214285714286,
75,1,1.0,35.0,,,,3707.065714285714,5589.0225,4392.478571428571,,,
76,1,,,1.0,1.0,1.0,178.30857142857144,,,0.0,886.5778571428572,3447.6735714285714
77,1,,,,,,168.1757142857143,,,,,
78,1,,,,,,3684.7542857142857,,,,,
79,1,2.0,1.0,,,,340.195,901.5539285714285,4771.731071428571,,,
80,1,,,,,,2756.8267857142855,,,,,
81,1,,,,,,5860.190714285714,,,,,
82,1,,1.0,,,,11324.907857142856,,34612.790357142854,,,
83,1,3.0,7.0,,,,14.855,90800.88214285715,0.0,,,
84,2,,,,,,0.0,,,,,
85,1,,,1.0,,,364.4975,,,0.0,,
86,1,,,,,,34.32214285714286,,,,,
87,1,,19.0,,,,826.4403571428572,,1035.577142857143,,,
88,1,,,,,,7153.650000000001,,,,,
89,1,1.0,2.0,,,,137.70142857142858,893.1703571428571,1462.0660714285714,,,
90,1,,,,,,649.5714285714286,,,,,
91,1,,,,,,0.0,,,,,
92,1,,,,,,2728.945714285714,,,,,
93,1,2.0,,1.0,1.0,,8.870357142857143,3655.8189285714284,,23.064285714285713,1.4285714285714286,
94,1,1.0,,,,,8079.0425000000005,7620.556071428572,,,,
95,1,,,1.0,,1.0,3662.217857142857,,,0.0,,2812.0667857142857
96,1,1.0,2.0,,,,22.32857142857143,2077.6125,14285.714285714286,,,
97,1,1.0,,1.0,,1.0,67.99249999999999,6082.5599999999995,,142.06607142857143,,809.465
98,1,,,1.0,,,468.46964285714284,,,0.0,,
99,1,,12.0,,,,22.898571428571426,,4689.070357142858,,,
100,1,,,,1.0,1.0,0.0,,,,247.4932142857143,802.8071428571428
101,1,1.0,2.0,,,,473.3592857142857,452.28214285714284,14429.051428571429,,,
102,1,,,1.0,,,48.771071428571425,,,114.14,,
103,1,,,,,,42.99071428571428,,,,,
104,1,1.0,1.0,,,,501.29,41481.50785714285,0.0,,,
105,1,,,,,,670.2957142857142,,,,,
106,1,,3.0,,,,112.35000000000001,,0.0,,,
107,1,,,,,,23.330714285714286,,,,,
108,1,2.0,,1.0,,,816.8389285714286,0.0,,0.0,,
109,1,,,,,,1113.5185714285715,,,,,
110,1,1.0,1.0,,,,62.47035714285715,1146.4957142857143,0.0,,,
111,1,,,1.0,,,0.0,,,31.5575,,
112,1,,,,,,204.46142857142857,,,,,
113,1,,,1.0,,1.0,50.78071428571428,,,0.0,,17300.489642857145
114,1,,,,1.0,,35.714285714285715,,,,1068.2096428571429,
115,1,,,,,,415.8978571428571,,,,,
116,1,,,,,,637.8357142857143,,,,,
117,4,,,1.0,,,0.0,,,0.0,,
118,1,1.0,2.0,,,,1184.9382142857141,5876.2814285714285,23214.285714285714,,,
119,1,1.0,3.0,,,,194.95892857142857,3573.113214285714,8287.8875,,,
120,1,2.0,,,,,156.81750000000002,4.548571428571429,,,,
121,1,1.0,1.0,1.0,1.0,,37.82142857142857,541.4121428571428,329.60785714285714,98.14071428571428,2.357142857142857,
122,1,,,,,,1392.7667857142858,,,,,
123,2,,,,,,8883.968214285715,,,,,
124,1,,,1.0,,,120.495,,,0.0,,
125,1,,,1.0,1.0,,0.0,,,0.0,108.12071428571429,
126,1,,,1.0,,,70.79964285714286,,,0.0,,
127,1,,,1.0,,,2893.112857142857,,,676.7528571428572,,
128,1,,,1.0,,,31.292857142857144,,,0.0,,
129,1,,,,,,1103.6585714285713,,,,,
130,1,,,1.0,,,12.750357142857142,,,681.5203571428572,,
131,1,,,,,,898.485,,,,,
132,1,1.0,,,,,79.41857142857143,1259.155,,,,
133,1,,,,,,140.6675,,,,,
134,1,,,,,1.0,2809.1978571428567,,,,,7237.215357142857
135,1,,,,,,184.10607142857143,,,,,
136,1,,,,,,564.9810714285715,,,,,
137,3,,1.0,,,,185.72214285714287,,0.0,,,
138,1,,,,,,114.59142857142857,,,,,
139,1,,,1.0,1.0,,1653.9632142857142,,,0.0,940.5742857142858,
140,1,,,1.0,,,7337.821785714286,,,0.0,,
141,1,1.0,4.0,,,,36.60178571428571,4264.655,0.0,,,
142,1,,,,,,1511.6839285714286,,,,,
143,1,,,,1.0,,0.0,,,,853.2671428571429,
144,1,,,,,,1214.7921428571428,,,,,
145,1,1.0,,,,,78.52464285714287,57205.47107142857,,,,
146,1,,,,,,0.25821428571428573,,,,,
147,1,,,,,,125.5625,,,,,
148,1,,3.0,,,,132.09857142857143,,5560.714285714285,,,
149,1,,,,,,574.6835714285714,,,,,
150,1,,,1.0,,,11.594285714285714,,,0.0,,
151,1,1.0,,,,,3053.753928571429,42257.00178571429,,,,
152,1,,,1.0,,,4230.166428571429,,,0.0,,
153,1,1.0,,1.0,,,936.1510714285714,2514.2160714285715,,0.0,,
154,1,,,,,,785.9264285714286,,,,,
155,1,,,,,,0.0,,,,,
156,1,1.0,1.0,,,,417.8764285714286,6458.979285714287,9760.005357142858,,,
157,1,,,,,,3970.2717857142857,,,,,
158,1,1.0,,,,,326.6303571428571,16117.897142857142,,,,
159,1,,,,,,1577.5682142857145,,,,,
160,1,,,,,,3314.279642857143,,,,,
161,1,1.0,2.0,,,,154.92928571428573,86.97535714285713,32280.21392857143,,,
162,1,,,,,,1.9646428571428571,,,,,
163,1,1.0,2.0,,,,1304.829642857143,3096.087142857143,1687.600357142857,,,
164,1,1.0,9.0,,,,2690.460357142857,2579.9832142857144,2851.1207142857143,,,
165,1,,,,,,17.86857142857143,,,,,
166,1,,,1.0,,1.0,15.797142857142857,,,754.9014285714286,,2216.4814285714288
167,1,,,,,,3446.8114285714287,,,,,
168,1,1.0,,1.0,,,71.42857142857143,17921.309285714284,,0.0,,
169,1,,,,,,1106.4257142857143,,,,,
170,1,,,,,,0.0,,,,,
171,1,,,,,,4112.732857142857,,,,,
172,1,3.0,,,1.0,,0.041428571428571426,4191.274285714286,,,28.97142857142857,
173,1,,,,,,3913.7982142857145,,,,,
174,1,,,1.0,,1.0,70.76928571428572,,,532.6324999999999,,14233.636071428571
175,1,,,,,2.0,0.07071428571428572,,,,,20749.29464285714
176,1,,,,,,343.9407142857143,,,,,
177,1,,,,,,3515.7771428571427,,,,,
178,1,1.0,,,,,86.61035714285715,0.11035714285714285,,,,
179,1,,,,,,11.684642857142858,,,,,
180,1,,,,,,902.4875000000001,,,,,
181,1,1.0,,,,,549.2064285714285,36.613214285714285,,,,
182,1,,,,,,443.98857142857145,,,,,
183,1,,,,,,4726.620714285715,,,,,
184,1,,,,,,160.90321428571428,,,,,
185,1,,,,,,5733.328214285714,,,,,
186,1,,,1.0,,1.0,981.5882142857143,,,0.0,,8742.690357142857
187,1,1.0,25.0,,,,923.9675,456.4010714285714,0.0,,,
188,1,,,1.0,,,748.6853571428571,,,0.0,,
189,2,,,,,1.0,18245.913214285716,,,,,6001.416785714287
190,1,1.0,,1.0,,,3732.89,6177.329642857143,,157.9267857142857,,
191,1,,,,,,1047.5860714285714,,,,,
192,1,2.0,4.0,,,,5.295357142857143,12783.565,367.85714285714283,,,
193,1,1.0,,,,,142.9532142857143,106.15285714285714,,,,
194,1,,,,,,239.06392857142856,,,,,
195,1,,,,,,5826.981428571429,,,,,
196,1,1.0,,,,,56.396071428571425,0.045714285714285714,,,,
197,1,1.0,4.0,,,,686.3078571428571,191591.18964285712,0.0,,,
198,1,,3.0,,,,3991.9914285714285,,0.0,,,
199,1,,,,,1.0,151.82464285714286,,,,,4461.236428571428
200,2,,2.0,,1.0,,0.0,,0.0,,476.7142857142857,
201,2,,,,,,5112.856428571429,,,,,
202,1,,,1.0,1.0,,42.95142857142857,,,0.0,254.98964285714285,
203,1,,,,,,10.772857142857143,,,,,
204,1,,,,,,0.6821428571428572,,,,,
205,1,,,1.0,,,3234.503214285714,,,29.37607142857143,,
206,1,1.0,,,,,11335.070714285714,22893.82285714286,,,,
207,1,,,,,,176.65142857142857,,,,,
208,1,,,,,,1.04,,,,,
209,1,,,,,,6833.382857142858,,,,,
210,1,1.0,7.0,1.0,1.0,1.0,60226.14178571429,2501.6967857142854,0.0,0.0,494.0885714285714,1193.524642857143
211,1,1.0,15.0,1.0,,,6047.5882142857145,1610.6814285714286,303.24321428571426,272.93928571428575,,
212,1,,,1.0,,,226.81428571428572,,,386.6507142857143,,
213,1,,,,,,2462.121785714286,,,,,
214,1,,,1.0,1.0,,565.8,,,0.0,3522.2335714285714,
215,1,,,,,,12891.626785714285,,,,,
216,1,,,1.0,,,192.09071428571428,,,246.51785714285714,,
217,1,1.0,,,,,8134.361428571428,0.0,,,,
218,1,,,1.0,,1.0,121.69535714285713,,,0.0,,1280.5314285714285
219,1,1.0,27.0,,,,1400.1689285714288,389883.8307142857,15095.649285714286,,,
220,1,,,1.0,,1.0,252.36035714285714,,,0.0,,293.5996428571429
221,1,,,,1.0,,1442.284642857143,,,,0.0,
222,1,,,,,,0.0,,,,,
223,1,,,,,,1899.3332142857143,,,,,
224,1,,1.0,,,,215.4725,,0.0,,,
225,1,,,1.0,,,345.6860714285714,,,618.3975,,
226,1,,,,,,15718.977857142858,,,,,
227,1,1.0,8.0,,,,4710.719642857142,7194.881071428572,0.0,,,
228,1,1.0,,,,,10138.789999999999,1.1092857142857142,,,,
229,2,,,,,,264.9557142857143,,,,,
230,1,,,1.0,,,74934.95607142858,,,0.0,,
231,2,,,1.0,,,113.78107142857142,,,0.0,,
232,1,,,,,,33.354285714285716,,,,,
233,1,,,,,,15.982142857142858,,,,,
234,1,,,1.0,,,856.344642857143,,,418.78749999999997,,
235,1,,,,,1.0,253.83214285714286,,,,,1685.7250000000001
236,1,,,,,,561.1032142857142,,,,,
237,1,,,,,,125.01785714285714,,,,,
238,1,,,,,,563.4078571428571,,,,,
239,1,1.0,10.0,,,,0.0,2.9442857142857144,227237.10428571427,,,
240,1,,1.0,,,,299.4692857142857,,6123.7132142857145,,,
241,1,,,,,,170.8567857142857,,,,,
242,1,,,,,,708.8621428571429,,,,,
243,1,1.0,11.0,,,,534.6296428571428,83283.00821428571,0.0,,,
244,1,,,,,,5.642857142857143,,,,,
245,1,,,,,,284.3885714285714,,,,,
246,2,,,,,1.0,2588.3489285714286,,,,,229.35857142857142
247,1,1.0,,,1.0,,689.3110714285714,351.86678571428575,,,0.0,
248,1,,,,,,776.5903571428571,,,,,
249,1,1.0,,,,,42.99535714285714,1733.5774999999999,,,,
250,1,,,,,,536.9514285714286,,,,,
251,1,1.0,,,,,0.0,6432.599999999999,,,,
252,1,1.0,,,,,130.73357142857142,8247.858214285714,,,,
253,1,,,1.0,1.0,,64.68964285714286,,,0.0,779.2857142857143,
254,1,,,1.0,,,1049.0621428571428,,,0.0,,
255,2,,,,,,0.2075,,,,,
256,1,,,1.0,,,572.1632142857143,,,0.0,,
257,1,,,,,1.0,265.50464285714287,,,,,9723.523214285715
258,1,,,,,,0.0,,,,,
259,1,1.0,10.0,,,,3260.1164285714285,15882.94607142857,7542.775000000001,,,
260,1,,,,,,1927.5210714285713,,,,,
261,1,,,,,,194.695,,,,,
262,1,,,,,,2614.3335714285713,,,,,
263,1,,,,,,40.81285714285714,,,,,
264,1,,,,,,4483.517142857143,,,,,
265,1,,,,,,17.795714285714286,,,,,
266,1,,,,,,1033.077857142857,,,,,
267,1,,,,,,0.0,,,,,
268,1,,11.0,,,,9317.071785714286,,35232.29535714286,,,
269,1,1.0,,1.0,,,611.0925,11325.131785714286,,984.7853571428572,,
270,1,,,,,,101.32678571428572,,,,,
271,1,2.0,1.0,,,,0.0014285714285714286,3822.741785714286,4394.670714285714,,,
272,1,,,,,,716.3985714285715,,,,,
273,1,,,,,,755.7260714285715,,,,,
274,1,,,,,,30.444285714285716,,,,,
275,1,,,,,,5221.425714285715,,,,,
276,1,,9.0,,,,18.988214285714285,,66108.25214285715,,,
277,1,,,1.0,,,423.3692857142857,,,0.0,,
278,2,,,,,,272.3232142857143,,,,,
279,3,,,1.0,,,937.21,,,0.0,,
280,1,,,,,,0.0,,,,,
281,1,,1.0,,,,355.7167857142857,,26801.155,,,
282,1,1.0,,1.0,,,750.2471428571428,6746.3125,,0.0,,
283,1,,,,,,571.7292857142858,,,,,
284,1,,,,,,2505.5635714285713,,,,,
285,1,,,,,,89.44571428571429,,,,,
286,1,,2.0,,,,22.438214285714285,,7512.695357142858,,,
287,1,,,,,,1681.3917857142858,,,,,
288,1,,,,,,3661.9582142857143,,,,,
289,1,1.0,2.0,1.0,,,152.82214285714286,6597.335,0.0,0.0,,
290,1,,,,,,132.98142857142858,,,,,
291,2,,,,,,805.28,,,,,
292,1,,,,,,1602.5182142857143,,,,,
293,1,,,,,,183.78142857142856,,,,,
294,1,1.0,13.0,,,,13.181785714285713,18834.435,0.0,,,
295,2,,,,,,2414.488214285714,,,,,
296,1,,,,,,281.0967857142857,,,,,
297,1,,,1.0,,,906.7657142857142,,,0.0,,
298,1,2.0,3.0,1.0,1.0,,18.739642857142858,71.73214285714286,0.0,0.0,0.0,
299,1,,8.0,,,,136.69285714285715,,0.0,,,
300,1,,,,,,0.0,,,,,
301,1,,,,1.0,,1231.4421428571427,,,,506.28214285714284,
302,1,1.0,1.0,,,,86.52964285714286,24364.765000000003,0.0,,,
303,3,,,1.0,1.0,,3032.8325,,,277.98785714285714,251.93571428571428,
304,1,,,,,1.0,1354.99,,,,,7570.783928571429
305,1,,,,,,234.46464285714288,,,,,
306,1,1.0,,,,,224.45428571428573,901.3535714285715,,,,
307,1,2.0,3.0,,,,1019.4682142857143,9017.009642857143,11980.378571428571,,,
308,1,,,,,,286.4214285714286,,,,,
309,1,,,,,,3116.8592857142858,,,,,
310,1,,,,,,0.0,,,,,
311,1,,3.0,,,,5780.183928571429,,22495.41178571429,,,
312,2,,,1.0,,,306.6557142857143,,,0.0,,
313,2,,,1.0,,,0.0,,,0.0,,
314,1,1.0,4.0,,,,3948.0425,3.3103571428571428,714285.7142857143,,,
315,1,,,,,,120.73714285714286,,,,,
316,1,,,,,,22.733571428571427,,,,,
317,1,,,,,,6.373928571428571,,,,,
318,1,,,,,,5254.225357142857,,,,,
319,2,1.0,1.0,1.0,,,6808.313571428572,29032.549642857142,696.8657142857144,136.04035714285715,,
320,1,,,,,,86.42857142857143,,,,,
321,1,1.0,,1.0,,,166.75500000000002,2691.2667857142856,,0.0,,
322,1,1.0,,,,,2175.27,128617.59107142857,,,,
323,1,,,,,,3743.776428571429,,,,,
324,1,,1.0,,,,11581.948214285714,,202941.60892857143,,,
325,1,,,,,2.0,38.901785714285715,,,,,5285.632142857144
326,1,,1.0,,,,30.425,,0.0,,,
327,1,2.0,,1.0,,,5811.818571428572,1796.83,,0.0,,
328,1,,,,,,2.415,,,,,
329,1,1.0,,,,,0.0,7837.5992857142855,,,,
330,1,,1.0,,,,380.0489285714286,,0.0,,,
331,1,,,,,,0.0,,,,,
332,1,,,,,,80.32857142857142,,,,,
333,1,,,,,,97.43107142857143,,,,,
334,1,,,,,,23516.17142857143,,,,,
335,1,,,,,,157.92392857142858,,,,,
336,1,1.0,,1.0,1.0,,28.7925,989.6374999999999,,0.0,531.7671428571429,
337,1,1.0,,1.0,,,188.95321428571427,3591.7307142857144,,874.1800000000001,,
338,1,,,,,,1889.4114285714284,,,,,
339,1,,,,,,490.93142857142857,,,,,
340,1,1.0,,,,,2380.0457142857144,50040.89178571429,,,,
341,1,,,,,,1724.347857142857,,,,,
342,1,,5.0,,,1.0,5435.9007142857145,,9499.57142857143,,,14516.524285714286
343,1,,,1.0,,,3723.582142857143,,,0.0,,
344,1,1.0,,1.0,,,2275.505357142857,41899.29107142857,,0.0,,
345,1,,,1.0,,,11166.44607142857,,,0.0,,
346,1,,,1.0,,,248.77142857142857,,,468.0807142857143,,
347,1,,,,,,6444.010714285714,,,,,
348,1,1.0,,1.0,,1.0,1054.365,12127.589642857143,,0.0,,6622.200357142857
349,2,2.0,,,,,247.4267857142857,0.09178571428571428,,,,
350,1,,,1.0,,,0.0,,,0.0,,
351,1,1.0,,,,,4783.925357142857,5770.629285714285,,,,
352,1,1.0,,,,,1833.3382142857142,219368.6464285714,,,,
353,1,1.0,1.0,,,,985.76,1437.1467857142857,39006.6,,,
354,1,1.0,1.0,,,,371.3732142857143,27122.085714285717,0.0,,,
355,1,,,,,,174.48499999999999,,,,,
356,1,,,,,,325.75,,,,,
357,1,,,,,,296.3975,,,,,
358,1,,,,,,0.2425,,,,,
359,1,1.0,,1.0,,,491.96214285714285,10719.377857142857,,0.0,,
360,4,1.0,,,,,5871.232142857143,18085.488214285713,,,,
361,1,1.0,1.0,,,,1642.2603571428572,1586.6567857142857,1714.2857142857142,,,
362,3,1.0,,1.0,,,677.8960714285714,3436.7785714285715,,0.0,,
363,1,,,,,,7169.007142857144,,,,,
364,1,,,,,,618.7103571428571,,,,,
365,1,,,,,,2664.743214285714,,,,,
366,1,,,1.0,,,564.0332142857143,,,0.0,,
367,1,,,,,,679.6328571428572,,,,,
368,1,,,,,,17.91857142857143,,,,,
369,1,,,,,1.0,383.25857142857143,,,,,1001.63
370,1,,,,,,368.99107142857144,,,,,
371,1,,,1.0,,,201.31678571428571,,,65.49249999999999,,
372,1,2.0,,,,,21493.719642857144,6884.011785714285,,,,
373,1,,,,,,0.0,,,,,
374,1,,,1.0,,,789.4517857142857,,,0.0,,
375,1,,,1.0,,,878.4867857142857,,,0.0,,
376,1,,,1.0,1.0,,140.06,,,0.0,617.6560714285714,
377,1,,,,,,611.6046428571428,,,,,
378,1,1.0,,1.0,,,3677.9396428571426,16080.903928571428,,0.0,,
379,1,1.0,6.0,,,,7.869642857142857,606.1792857142857,23214.285714285714,,,
380,1,,,,,,2804.529285714286,,,,,
381,1,,,,,,10.528214285714286,,,,,
382,1,1.0,,,,,90.27,46085.245,,,,
383,1,,,1.0,,2.0,695.5,,,40.25714285714286,,353.0857142857143
384,1,,,,,,2418.8767857142857,,,,,
385,1,3.0,2.0,1.0,,,2717.866785714286,48214.33392857143,8922.489285714286,0.0,,
386,1,1.0,,,,,7070.925357142857,10.741785714285713,,,,
387,1,,1.0,,,,486.99071428571426,,4454.228571428571,,,
388,1,,,,1.0,,357.14285714285717,,,,0.7142857142857143,
389,1,1.0,28.0,,,,25.2175,100639.68107142857,0.0,,,
390,1,1.0,79.0,,,,442.34607142857146,0.39571428571428574,5468.865357142858,,,
391,1,,,,1.0,1.0,172.58142857142857,,,,0.7142857142857143,4592.336428571429
392,1,1.0,1.0,,1.0,,3365.341785714286,10933.073214285714,0.0,,520.5289285714285,
393,1,,,,,,208.6057142857143,,,,,
394,1,,,1.0,,1.0,3770.360357142857,,,0.0,,2557.0525000000002
395,1,,,1.0,,,102.75714285714285,,,0.0,,
396,1,,,,,,5669.983928571428,,,,,
397,1,,,,,,565.1235714285714,,,,,
398,2,1.0,,,,,3692.966785714286,23.599285714285713,,,,
399,1,,,,,,451.7967857142857,,,,,
400,1,,,,,,402.31857142857143,,,,,
401,1,,,,1.0,,1439.3242857142857,,,,523.3464285714286,
402,1,,,,,,3358.467857142857,,,,,
403,1,,,,,,1705.675,,,,,
404,1,,,,,,60.051785714285714,,,,,
405,1,,,1.0,1.0,,265.5810714285714,,,0.0,0.7142857142857143,
406,1,,,,,,3481.3732142857143,,,,,
407,1,,,,,,5215.269642857143,,,,,
408,1,1.0,,1.0,,,4133.402142857142,0.0017857142857142859,,0.0,,
409,1,,,1.0,,,348.40285714285716,,,0.0,,
410,1,1.0,1.0,,,,156.84642857142856,6231.441428571428,10837.752142857144,,,
411,1,,4.0,,1.0,1.0,37207.974285714285,,0.0,,2.357142857142857,6852.941071428571
412,1,1.0,,,,,376.8910714285715,2506.551071428571,,,,
413,1,2.0,3.0,1.0,1.0,,1668.3721428571428,20631.684642857144,0.0,0.0,2.357142857142857,
414,1,2.0,14.0,,,,281.49357142857144,714.1492857142857,10218.14392857143,,,
415,1,,,,,,1188.3842857142859,,,,,
416,1,,,,,,906.5260714285714,,,,,
417,1,,,1.0,,,621.9010714285714,,,243.4,,
418,1,,,,,,435.6671428571429,,,,,
419,1,,,1.0,,,352.78214285714284,,,0.0,,
420,1,1.0,1.0,,,,0.0,57822.75714285714,0.0,,,
421,1,,,,,1.0,7074.069285714286,,,,,4850.017142857143
422,1,1.0,1.0,,,,502.44607142857143,92.50607142857143,0.0,,,
423,1,,,,,,13.65,,,,,
424,1,1.0,1.0,,,,17234.89214285714,18231.785,1964.6957142857143,,,
425,1,,,,,,1313.5132142857144,,,,,
426,1,,,,,,515.7646428571428,,,,,
427,1,,,,,,1194.0639285714285,,,,,
428,2,,,,,,3779.613214285714,,,,,
429,1,,1.0,,,1.0,1721.3514285714284,,0.0,,,901.5175
430,1,,,,,,2.447142857142857,,,,,
431,1,,,,,,38.55107142857143,,,,,
432,1,1.0,1.0,1.0,,,11.142142857142858,1325.1767857142856,0.0,284.9132142857143,,
433,2,,,,,,114.64285714285714,,,,,
434,1,,,,,,2469.842857142857,,,,,
435,1,,,,,,0.0,,,,,
436,1,,,,,,40.60071428571428,,,,,
437,1,,,,,,3.4274999999999998,,,,,
438,1,,,,,,8206.767142857143,,,,,
439,1,,,,,,26.425,,,,,
440,2,,,,,,6129.028928571429,,,,,
441,1,,,,,,0.5700000000000001,,,,,
442,1,,,1.0,,,1083.015357142857,,,92.625,,
443,1,,,,,2.0,0.0,,,,,1038.6967857142856
444,1,,,,,1.0,494.055,,,,,608.9953571428571
445,1,,2.0,,,,2.563928571428572,,0.0,,,
446,1,,,,,,13956.804999999998,,,,,
447,1,,,,,,2418.475,,,,,
448,1,1.0,5.0,1.0,,,39.75107142857143,0.013571428571428571,2989.4539285714286,0.0,,
449,1,,,1.0,,,16109.628571428571,,,0.0,,
450,1,,,,,,2.8578571428571427,,,,,
451,1,,7.0,,1.0,,6.699285714285715,,538.1303571428572,,13.071428571428571,
452,2,,,,,,4474.592142857143,,,,,
453,1,1.0,3.0,,,,605.08,26022.27464285714,1825.0935714285715,,,
454,1,,,,,,0.0,,,,,
455,1,2.0,,,1.0,,33553.847499999996,1073.4035714285715,,,530.3564285714285,
456,1,,4.0,,,,0.0,,86589.77107142856,,,
457,1,,,1.0,,,427.5753571428572,,,0.0,,
458,1,,,,,,1744.0264285714286,,,,,
459,1,,,,,,8.997857142857143,,,,,
460,1,,4.0,,,,275.7164285714286,,0.0,,,
461,1,1.0,,,,,6.537857142857143,6128.227857142857,,,,
462,1,,,1.0,,,570.3421428571429,,,104.01142857142858,,
463,1,,,1.0,,,182.75821428571427,,,0.0,,
464,2,,,1.0,,,2249.0496428571428,,,237.29714285714286,,
465,1,,,,1.0,,1.7085714285714286,,,,1.1785714285714286,
466,1,1.0,,,,,178.57142857142858,2771.098571428571,,,,
467,1,,,,,,355.5842857142857,,,,,
468,1,1.0,3.0,,,,20.955000000000002,745.5110714285714,0.0,,,
469,1,,,,,,4415.646071428571,,,,,
470,1,,,,,,20.607499999999998,,,,,
471,1,,,,,,1923.2803571428572,,,,,
472,1,,,,,,12095.031071428572,,,,,
473,1,,,1.0,,1.0,6325.902499999999,,,0.0,,0.0
474,1,,,1.0,,,37.075357142857136,,,0.0,,
475,1,1.0,1.0,,,,9428.947857142857,3586.7517857142857,0.0,,,
476,1,,1.0,1.0,,,1715.8757142857141,,0.0,0.0,,
477,2,2.0,,,,,5419.339999999999,7352.996785714286,,,,
478,1,,,1.0,,,33573.15178571428,,,0.0,,
479,1,1.0,1.0,1.0,1.0,,74.80785714285715,4352.067857142857,0.0,0.0,627.8571428571429,
480,1,,,,,,869.8032142857144,,,,,
481,1,1.0,,,1.0,,68.42357142857142,253.7392857142857,,,0.0,
482,1,,,,,,22.417857142857144,,,,,
483,1,,4.0,1.0,,,1345.2339285714286,,0.0,8.868928571428572,,
484,1,,,,,,214.95607142857145,,,,,
485,1,,,,,,1748.5053571428573,,,,,
486,2,,,,,,1815.5228571428572,,,,,
487,1,,,1.0,,1.0,3843.1464285714287,,,42.25142857142857,,3540.218928571429
488,1,2.0,,1.0,,,21.254285714285714,5247.970357142857,,0.0,,
489,1,1.0,,,,,5021.998214285714,12591.485714285713,,,,
490,1,,,,,,806.4596428571429,,,,,
491,1,,,1.0,1.0,2.0,185.90321428571428,,,0.0,0.0,9115.112857142858
492,1,,,,1.0,,8846.825714285715,,,,0.4642857142857143,
493,1,,,,,,2161.553214285714,,,,,
494,1,,,,,1.0,715.6910714285714,,,,,3571.4285714285716
495,1,,5.0,,1.0,,8.540357142857143,,6667.976428571428,,641.5753571428571,
496,1,,,,,,0.0,,,,,
497,1,,,,,,930.3110714285714,,,,,
498,1,,,,,,883.9760714285715,,,,,
499,1,,,1.0,,,949.6864285714286,,,97.91107142857143,,
500,3,1.0,3.0,,,,1180.6592857142857,10940.430357142857,35627.709642857146,,,
501,1,2.0,1.0,,,,460.57714285714286,5136.296071428572,0.0,,,
502,1,,,1.0,,,950.4725,,,0.0,,
503,1,,,,,,1175.7549999999999,,,,,
504,1,,,,,,20.95,,,,,
505,1,2.0,,,,,9078.213571428572,4.1825,,,,
506,1,1.0,,1.0,,,1407.3417857142856,19.306428571428572,,339.3071428571429,,
507,1,1.0,3.0,,1.0,,395.4264285714286,4474.939285714286,0.0,,0.7142857142857143,
508,1,,,,,,1329.2439285714286,,,,,
509,1,,,1.0,,,6722.328571428572,,,0.0,,
510,1,1.0,,,,,1181.8785714285714,5443.6110714285705,,,,
511,1,,,1.0,,1.0,224.21392857142857,,,0.0,,915.0682142857142
512,1,,,,,,825.4510714285715,,,,,
513,1,,,,,,29.485714285714288,,,,,
514,1,,,,,,27.09035714285714,,,,,
515,1,2.0,,,,,956.6560714285714,10861.7475,,,,
516,1,1.0,,,,,94.88607142857143,4815.9857142857145,,,,
517,1,,,,,,17.05107142857143,,,,,
518,1,,,,,,1704.7117857142857,,,,,
519,1,,,,,,210.84464285714284,,,,,
520,1,1.0,,,,,1401.1364285714285,3779.0092857142854,,,,
521,1,,,1.0,,,80.27250000000001,,,0.0,,
522,3,,,,,,1.2807142857142857,,,,,
523,1,,,,,,7041.8525,,,,,
524,1,,9.0,,,,57.611785714285716,,3571.4285714285716,,,
525,1,1.0,4.0,,,,0.3882142857142857,3845.991785714286,31884.509285714284,,,
526,1,,,,,1.0,237.47571428571428,,,,,7142.857142857143
527,1,,,,,,1780.251785714286,,,,,
528,1,,,1.0,,,0.0,,,0.0,,
529,1,1.0,,,,,2014.4267857142856,36183.43357142857,,,,
530,1,2.0,2.0,,,,349.085,11980.923214285713,28571.428571428572,,,
531,1,,,,,,338.0025,,,,,
532,1,3.0,,,,,2271.0578571428573,16385.834285714285,,,,
533,1,,,,,,50.0,,,,,
534,1,,,,,,0.0,,,,,
535,1,1.0,,,,,9.63642857142857,104847.12749999999,,,,
536,1,,,,,,663.8435714285714,,,,,
537,1,,1.0,,,,814.4560714285715,,0.0,,,
538,1,1.0,,,,,4.273214285714286,3913.1664285714287,,,,
539,1,,,,,,32.99107142857143,,,,,
540,1,1.0,,,,,3007.264642857143,4842.638571428572,,,,
541,1,,,,,,4.902142857142857,,,,,
542,1,,,1.0,,,1525.1414285714286,,,0.0,,
543,1,,3.0,,,,2.8978571428571427,,446183.4232142857,,,
544,1,,64.0,,,,4808.271071428571,,32990.446071428574,,,
545,1,1.0,,,,,3852.0539285714285,37045.96571428572,,,,
546,1,,,,,,1023.3364285714285,,,,,
547,1,1.0,1.0,,,,4446.794642857143,1253.6607142857142,33004.46142857143,,,
548,1,,,,,,2663.1378571428572,,,,,
549,1,,,,,,192.7760714285714,,,,,
550,1,,,1.0,,,57.60035714285714,,,192.0142857142857,,
551,1,,,,1.0,1.0,865.4814285714285,,,,0.9285714285714286,625.6260714285714
552,1,,,,,,730.9875000000001,,,,,
553,1,,,,,,3274.0575,,,,,
554,1,,,,,,2032.232857142857,,,,,
555,1,,,,,,16.08214285714286,,,,,
556,1,,,,,,227.26214285714286,,,,,
557,1,,2.0,1.0,,,2815.486785714286,,0.0,0.0,,
558,1,,,,,,393.41285714285715,,,,,
559,1,1.0,4.0,1.0,,,464.60714285714283,728.0439285714285,0.0,881.6967857142856,,
560,1,,,,,,6586.222857142857,,,,,
561,1,,,1.0,1.0,,269.36857142857144,,,0.0,619.2857142857143,
562,2,,,1.0,,,2006.0149999999999,,,0.0,,
563,1,1.0,4.0,1.0,,,56.62785714285714,0.44749999999999995,263.9532142857143,255.48535714285714,,
564,1,,,,,,1391.6125,,,,,
565,1,,,1.0,,,7.018571428571429,,,0.0,,
566,2,1.0,,,1.0,3.0,577.8582142857143,22018.58642857143,,,474.37392857142856,2405.282857142857
567,1,,,,,,6808.197857142857,,,,,
568,1,,,,1.0,,809.9760714285715,,,,325.6457142857143,
569,1,,,1.0,,,1.1492857142857142,,,139.66214285714287,,
570,1,,,,,,575.1746428571429,,,,,
571,1,,,1.0,1.0,,0.2978571428571429,,,0.0,1223.2142857142858,
572,1,,,1.0,,,2739.5639285714283,,,0.0,,
573,1,,,,,,1243.5057142857145,,,,,
574,1,,,1.0,,1.0,3364.9467857142854,,,0.0,,533.2189285714286
575,1,,,,,,765.9475,,,,,
576,1,,,,,1.0,2.0210714285714286,,,,,883.7446428571428
577,1,,,,,,317.11535714285714,,,,,
578,1,,,,,,4781.011071428571,,,,,
579,1,,4.0,,,,10.963571428571429,,0.0,,,
580,1,1.0,7.0,,,,4.025357142857143,16272.202142857142,2510.752857142857,,,
581,1,1.0,,1.0,1.0,,0.0,14811.98107142857,,0.0,-1.4285714285714286,
582,1,,,,,,445.6714285714285,,,,,
583,1,1.0,5.0,,,,271.1539285714286,9.949285714285713,13062.676785714286,,,
584,1,1.0,,1.0,,,2538.386785714286,5734.547142857143,,0.0,,
585,1,,2.0,,,,47.573214285714286,,2648.905357142857,,,
586,1,,,,,,2036.1246428571428,,,,,
587,1,1.0,1.0,,,,0.0,96668.11392857143,381.13107142857143,,,
588,1,,,1.0,,,193.17642857142854,,,710.7621428571429,,
589,1,1.0,,1.0,,,168.18785714285715,2.1517857142857144,,0.0,,
590,1,,,,,,183.62928571428571,,,,,
591,1,,,1.0,,,0.0,,,0.0,,
592,1,1.0,,,,,402.0853571428571,36166.56035714286,,,,
593,1,,,,,,1.4807142857142856,,,,,
594,2,1.0,,,,,3.8310714285714282,223.8189285714286,,,,
595,1,,,,,,126.9225,,,,,
596,1,,,,,,0.0,,,,,
597,1,,,1.0,,,4552.889642857143,,,482.61285714285714,,
598,2,,,1.0,,,562.2017857142857,,,0.0,,
599,1,1.0,,,,,16.67107142857143,23252.443571428572,,,,
600,1,1.0,4.0,,,,1189.3225,8771.733571428571,28004.9075,,,
601,1,1.0,2.0,,,,865.6828571428571,92884.32964285715,0.0,,,
602,2,,,1.0,1.0,,84.30642857142857,,,0.0,1053.8028571428572,
603,1,1.0,,,,,1385.9882142857143,7463.246785714286,,,,
604,1,,,,1.0,,5645.113928571429,,,,1044.1435714285715,
605,1,,,,,,0.0,,,,,
606,1,1.0,,,,,80.62428571428572,313.47357142857146,,,,
607,1,2.0,3.0,1.0,1.0,,364.10857142857145,1074.0725,0.0,0.0,490.7760714285714,
608,1,1.0,,,,,347.36571428571426,29191.295000000002,,,,
609,1,1.0,,,,,130.8475,24933.453214285713,,,,
610,1,1.0,1.0,,1.0,,1083.5221428571429,0.7996428571428572,14285.714285714286,,305.6771428571428,
611,1,,,1.0,,1.0,943.8375,,,0.0,,2515.4192857142857
612,1,1.0,,1.0,1.0,,28.535714285714285,1085.2085714285715,,0.0,110.02107142857143,
613,1,,,1.0,1.0,,30.4675,,,218.23428571428573,276.15,
614,1,2.0,17.0,1.0,1.0,,0.0,7143.0425000000005,0.0,0.0,0.0,
615,1,,,,,,2509.531428571429,,,,,
616,1,,,,,,1083.7110714285714,,,,,
617,1,,,1.0,,,5577.357142857143,,,0.0,,
618,1,,,1.0,,1.0,0.0,,,0.0,,887.375
619,1,1.0,2.0,,,,3764.539285714286,7812.512857142857,169.67464285714286,,,
620,1,,,,,,2.1567857142857143,,,,,
621,1,1.0,,,,,1249.7096428571429,0.0014285714285714286,,,,
622,1,,,,,,0.0,,,,,
623,1,,,,,,1607.2757142857142,,,,,
624,1,1.0,,,,,272.1257142857143,12752.727499999999,,,,
625,1,,,,,,3943.0439285714283,,,,,
626,1,,,,,,13.464642857142858,,,,,
627,1,,2.0,,,,1604.2664285714286,,4107.860357142857,,,
628,1,,,1.0,,,488.4596428571429,,,0.0,,
629,1,,2.0,,,,61.76678571428572,,34387.58357142857,,,
630,1,,,,,,389.45,,,,,
631,1,,,,,,339.81928571428574,,,,,
632,2,,,1.0,,,592.0878571428572,,,0.0,,
633,1,1.0,2.0,,,,36062.11357142857,16809.76607142857,0.0,,,
634,1,2.0,,,,,41.861785714285716,47652.55107142857,,,,
635,1,,,,,,0.0,,,,,
636,1,1.0,,,1.0,,2623.8264285714286,2457.837142857143,,,-7.738214285714285,
637,1,,3.0,,,,0.0,,0.0,,,
638,1,,,1.0,,,89.25,,,0.0,,
639,1,,,,,,736.9435714285713,,,,,
640,1,1.0,,,,,16765.39,3584.685,,,,
641,1,,,,,,1.375,,,,,
642,1,1.0,4.0,,,,2238.091785714286,9665.433571428572,194.28571428571428,,,
643,1,,4.0,,,,2204.2185714285715,,181931.54714285716,,,
644,1,1.0,,,,,135.36357142857142,0.16999999999999998,,,,
645,1,,,,,,14.297857142857142,,,,,
646,1,,,1.0,,,484.39035714285717,,,0.0,,
647,1,,,,,,362.4582142857143,,,,,
648,1,1.0,,,1.0,,2164.632857142857,14.328214285714285,,,482.97499999999997,
649,1,,,1.0,,,15377.353928571427,,,0.0,,
650,1,,,,,,2589.6378571428572,,,,,
651,1,,,,,1.0,2.142857142857143,,,,,6236.633928571428
652,1,,,,,,5885.186428571428,,,,,
653,1,1.0,,,,,43.144285714285715,6007.7925000000005,,,,
654,1,,,,,,1657.3832142857143,,,,,
655,2,,,,,,327.20142857142855,,,,,
656,1,1.0,,,,,26.760714285714283,6120.588928571428,,,,
657,1,1.0,,1.0,,,757.75,0.0,,274.94392857142856,,
658,1,,,,,,1107.6778571428572,,,,,
659,2,,,,,,1058.2935714285716,,,,,
660,1,,,1.0,,,611.3221428571429,,,0.0,,
661,1,1.0,,,,,378.88892857142855,882.2335714285715,,,,
662,1,,,,,,0.0,,,,,
663,1,,,,,,9.275,,,,,
664,2,,,,,,1407.642142857143,,,,,
665,1,,,,,,370.65321428571434,,,,,
666,1,,1.0,,,,13806.569285714286,,25462.561785714286,,,
667,1,,,,,,60.044285714285714,,,,,
668,1,1.0,1.0,1.0,,,586.9492857142858,43701.96928571428,0.0,0.0,,
669,1,,,1.0,,,174.65785714285715,,,157.48321428571427,,
670,1,,,,,,13.929285714285713,,,,,
671,1,1.0,,,,,858.955,11615.655,,,,
672,1,,,,,,47.964642857142856,,,,,
673,1,2.0,1.0,1.0,1.0,,2588.8382142857145,16144.002142857144,733.0685714285713,8.445,1.1785714285714286,
674,1,,,1.0,,,16362.983214285716,,,745.5571428571428,,
675,1,,,,,,27.865000000000002,,,,,
676,1,,,1.0,1.0,,1127.0082142857143,,,0.0,417.19642857142856,
677,1,,,,,,71.39071428571428,,,,,
678,1,1.0,3.0,,,,2730.121428571428,0.0,761235.5042857144,,,
679,1,2.0,,,,,0.0,28.658214285714283,,,,
680,1,,,,,,0.5064285714285715,,,,,
681,1,,5.0,1.0,,1.0,4976.04,,46562.31071428571,0.0,,9916.269642857142
682,1,1.0,11.0,,,,684.2814285714286,4557.6075,1146.4175,,,
683,1,,,,,,2052.3625,,,,,
684,1,2.0,3.0,,,,20.96642857142857,12881.371071428572,20469.94,,,
685,1,,1.0,1.0,,,379.38214285714287,,169.67464285714286,0.0,,
686,1,,,,,,1146.879642857143,,,,,
687,2,,,,,,338.58964285714285,,,,,
688,1,,,,,,585.0828571428572,,,,,
689,1,,,,,,396.30821428571426,,,,,
690,1,1.0,,,,,86.02428571428571,4203.438571428572,,,,
691,1,,,,,,225.8607142857143,,,,,
692,1,,,1.0,,,641.1296428571429,,,0.0,,
693,1,,,1.0,,,2889.781785714286,,,0.0,,
694,1,1.0,,,,1.0,0.002142857142857143,114458.45678571428,,,,117.65392857142857
695,1,,,,,,0.015,,,,,
696,1,,,,,1.0,2644.6042857142857,,,,,3301.6385714285716
697,1,,,1.0,1.0,,2474.8224999999998,,,0.0,642.2321428571429,
698,1,1.0,,,,,64.74285714285715,1841.0621428571428,,,,
699,1,,4.0,1.0,,,1823.0571428571427,,18491.444285714286,0.0,,
700,1,,,,,,345.3353571428571,,,,,
701,3,1.0,,,,,0.0,34394.555714285714,,,,
702,1,1.0,1.0,,1.0,,238.22785714285715,391.9985714285714,4718.126071428572,,0.0,
703,1,,6.0,,,,198.87964285714287,,125.12571428571428,,,
704,1,,,,,,403.4421428571428,,,,,
705,3,,,,,,191.1260714285714,,,,,
706,1,,,,,,1405.1271428571429,,,,,
707,1,,,,,,317.8646428571428,,,,,
708,1,,,,,,0.0,,,,,
709,1,,,,,,683.5714285714286,,,,,
710,1,,,,,,1026.117857142857,,,,,
711,1,,,,,,111.12678571428572,,,,,
712,1,,,1.0,,1.0,3551.878214285714,,,0.0,,1985.3728571428571
713,1,,,1.0,,,113.40928571428572,,,350.11357142857145,,
714,1,1.0,,,,,224.44250000000002,5495.8610714285705,,,,
715,1,1.0,,,1.0,,4661.019642857143,20.544642857142858,,,0.7142857142857143,
716,1,,,,,,5070.659642857143,,,,,
717,2,,,,,,3136.734642857143,,,,,
718,1,,,1.0,,1.0,273.42857142857144,,,215.49,,1057.9571428571428
719,1,,,,,,79.39892857142857,,,,,
720,1,,,,,,0.0,,,,,
721,1,1.0,,1.0,,,218.69464285714284,27896.886785714283,,526.4889285714286,,
722,1,1.0,6.0,,,,4933.748928571428,465.5371428571429,1942.857142857143,,,
723,1,,,,,,444.29,,,,,
724,1,,,,,,102.2325,,,,,
725,1,,20.0,,,,374.2242857142857,,0.0,,,
726,1,,,1.0,,,2963.085,,,260.87,,
727,1,1.0,1.0,,,,48.93357142857143,35768.38857142857,14484.083928571428,,,
728,1,,,,,,1194.797142857143,,,,,
729,1,1.0,1.0,1.0,,,2082.3089285714286,0.0,0.0,0.0,,
730,1,,,1.0,,,331.7296428571429,,,0.0,,
731,1,,,,,,957.0071428571429,,,,,
732,3,1.0,6.0,,,,301.15607142857147,347.4171428571429,49993.39928571428,,,
733,1,1.0,,,,,5.706785714285714,10778.983928571428,,,,
734,1,1.0,,,,,69.51107142857143,57901.67928571429,,,,
735,1,,,,,,188.99464285714288,,,,,
736,1,,,,,,285.7142857142857,,,,,
737,3,,,,,,3175.264642857143,,,,,
738,1,,,,,,1953.7857142857142,,,,,
739,1,1.0,8.0,1.0,,1.0,5519.308928571429,0.0,9824.236785714285,0.0,,3868.679642857143
740,1,,2.0,,,,314.6092857142857,,24739.06428571429,,,
741,1,,,,,,58.583928571428565,,,,,
742,1,,,,,,267.54357142857145,,,,,
743,1,,,,,,1928.7057142857143,,,,,
744,2,,,,,1.0,7881.311071428571,,,,,9055.584642857142
745,1,,,1.0,,,3688.156785714286,,,0.0,,
746,1,,1.0,,,,16436.327142857142,,49030.41071428572,,,
747,1,,,1.0,,,43.13,,,1459.457142857143,,
748,1,,,1.0,,,1155.467142857143,,,0.0,,
749,1,,,,,,0.19178571428571428,,,,,
750,1,,,,,1.0,710.4925000000001,,,,,2893.026785714286
751,1,,,,,,38.65571428571428,,,,,
752,1,1.0,,,,,60.11392857142857,14680.954285714284,,,,
753,1,,,,,,16357.576785714287,,,,,
754,1,,,,,,13.0425,,,,,
755,1,,11.0,,,,590.4103571428572,,2165.822857142857,,,
756,1,,3.0,1.0,1.0,1.0,1782.3600000000001,,2322.8010714285715,250.88035714285712,966.6189285714287,3141.9
757,1,,,,,,1202.2350000000001,,,,,
758,1,1.0,,,,,8826.644285714287,9129.4875,,,,
759,1,,,1.0,,,0.7842857142857144,,,0.0,,
760,1,5.0,,,,,21873.901785714286,3890.0499999999997,,,,
761,1,1.0,,,,,128.38821428571427,0.0,,,,
762,1,,1.0,,,,1077.3460714285713,,0.0,,,
763,1,,,1.0,1.0,1.0,5292.1792857142855,,,0.0,1529.0589285714286,2906.9817857142857
764,1,2.0,,,,,13436.164285714285,8.710714285714285,,,,
765,2,,,,,,4.714285714285714,,,,,
766,1,,,,,,497.9189285714286,,,,,
767,1,2.0,3.0,,,,0.0,8036.430714285714,424.18642857142856,,,
768,1,,,,1.0,,1107.2435714285714,,,,992.4075,
769,1,1.0,,,,,265.35285714285715,6097.246428571429,,,,
770,1,,,,,,1.4082142857142856,,,,,
771,1,,2.0,,,,17.625714285714285,,0.0,,,
772,1,1.0,1.0,1.0,,,297.1175,9.593571428571428,0.0,0.0,,
773,1,,,,,,1693.1764285714287,,,,,
774,1,,,1.0,,2.0,83.05642857142857,,,0.0,,337.7471428571429
775,2,2.0,1.0,1.0,,1.0,116.17357142857144,3774.253928571429,579084.1078571428,0.0,,277.0864285714286
776,2,1.0,1.0,,,,0.0,10977.926785714286,11162.439642857144,,,
777,1,,,,,,484.5646428571428,,,,,
778,1,,,1.0,,,3821.465,,,0.0,,
779,1,,,1.0,,,567.8696428571428,,,0.0,,
780,1,,,1.0,1.0,,184.80964285714285,,,0.0,641.7617857142858,
781,1,1.0,,,,,347.4175,3836.2682142857143,,,,
782,1,2.0,2.0,,,,323.6771428571428,37651.5,69073.49214285714,,,
783,1,,,,,,4765.473571428572,,,,,
784,1,,,,,,870.1514285714286,,,,,
785,1,,,1.0,,,6478.5075,,,0.0,,
786,1,2.0,,,,,1016.5725,4112.396071428571,,,,
787,1,1.0,1.0,,,,1663.0557142857142,6667.519285714286,14696.501428571428,,,
788,1,1.0,2.0,,,,36.99178571428571,7139.7625,0.0,,,
789,1,,6.0,,,,16.429285714285715,,2503.2603571428567,,,
790,1,,,1.0,,,4.027142857142858,,,0.0,,
791,1,1.0,7.0,1.0,1.0,,910.3050000000001,3680.094285714286,8823.257142857143,0.0,360.0260714285714,
792,1,,,,,,9.3025,,,,,
793,1,1.0,,,,,20.649285714285714,4004.674285714286,,,,
794,1,1.0,1.0,,1.0,1.0,283.2157142857143,16218.196785714286,0.0,,547.7832142857143,4239.845714285714
795,1,,1.0,,,,528.5796428571429,,12768.21357142857,,,
796,3,,,,1.0,1.0,247.00357142857143,,,,1109.5057142857142,4632.981785714286
797,1,1.0,4.0,,,,1409.805,26478.288928571426,3020.6407142857142,,,
798,1,,,,,,134.40142857142857,,,,,
799,1,,,,,,882.1239285714286,,,,,
800,1,,1.0,1.0,,,660.9817857142858,,0.0,0.0,,
801,1,,,,,,28.571428571428573,,,,,
802,1,1.0,3.0,,,,7.093571428571429,2645.5457142857144,11587.910357142857,,,
803,1,,,,,,0.0,,,,,
804,2,1.0,,,,,0.0,12053.176428571429,,,,
805,1,,,1.0,,,0.6174999999999999,,,354.96,,
806,1,,,,,,0.0,,,,,
807,1,,,,,,256.4892857142857,,,,,
808,1,1.0,18.0,,,,608.5792857142858,55.53035714285714,0.0,,,
809,1,,,,,1.0,16.62392857142857,,,,,3295.807142857143
810,1,,,1.0,,1.0,542.1714285714286,,,0.0,,930.3571428571429
811,1,,,,,,1227.8682142857142,,,,,
812,1,,,,,,6302.067857142857,,,,,
813,1,1.0,,1.0,,,20.413214285714286,29215.980357142857,,306.9214285714285,,
814,1,1.0,1.0,,,,2498.932142857143,3639.594642857143,308.88214285714287,,,
815,1,,,,,,4523.646785714286,,,,,
816,1,,,,,,382.7135714285714,,,,,
817,1,,3.0,,,,57.5575,,6083.648571428572,,,
818,1,,,,,,1381.6385714285714,,,,,
819,1,,,,1.0,2.0,325.1242857142857,,,,2.25,3816.9796428571426
820,1,,,,,,176.48464285714286,,,,,
821,3,1.0,,,,,1054.2371428571428,8.158928571428572,,,,
822,1,1.0,1.0,1.0,,,300.7753571428571,65263.044285714284,0.0,134.33464285714285,,
823,1,1.0,,,,,13177.153214285714,725.6314285714286,,,,
824,1,1.0,1.0,,,,337.6821428571429,1716.2910714285715,526.7785714285714,,,
825,1,,,,,,28.571428571428573,,,,,
826,1,,1.0,1.0,1.0,,0.0,,62103.26857142857,0.0,0.0,
827,1,,,1.0,1.0,,49.19357142857143,,,0.0,0.4642857142857143,
828,1,,,,,,0.0,,,,,
829,1,,,,1.0,5.0,183.6614285714286,,,,2.3446428571428575,1506.5014285714285
830,1,,,,,,21.3625,,,,,
831,1,,1.0,,,,1440.0525,,0.0,,,
832,1,,,,,,458.8110714285714,,,,,
833,1,,,,,,3017.6414285714286,,,,,
834,1,,,1.0,,1.0,4430.363214285714,,,0.0,,2015.4878571428574
835,1,,,,,,871.5024999999999,,,,,
836,2,,,,,,920.6767857142858,,,,,
837,1,,,,,,686.4396428571429,,,,,
838,1,,,1.0,,,54.482142857142854,,,0.0,,
839,1,,,,,,870.7567857142857,,,,,
840,1,,,,1.0,,14.712142857142856,,,,0.0,
841,1,1.0,2.0,,,,1029.6585714285713,0.0,0.0,,,
842,1,,,,,,22.135714285714283,,,,,
843,1,,,,,,80.92857142857143,,,,,
844,1,,,,,,21.330714285714286,,,,,
845,1,,,,,,459.59071428571434,,,,,
846,1,1.0,2.0,1.0,1.0,,224.0717857142857,5.000357142857142,12033.395714285714,558.7092857142858,0.0,
847,1,,,,,,240.94892857142855,,,,,
848,1,,,,1.0,,49.75678571428572,,,,0.0,
849,1,,,,,,146.85392857142855,,,,,
850,1,,,,,,43.52321428571429,,,,,
851,1,1.0,,1.0,,,732.9371428571429,103328.81892857143,,0.0,,
852,1,,,,,,357.1457142857143,,,,,
853,1,1.0,,1.0,,,3061.968928571429,19069.40071428571,,0.0,,
854,1,1.0,4.0,1.0,,,1860.2396428571428,851.0614285714286,342.59607142857146,0.0,,
855,1,,1.0,,,,49.0575,,1171.0714285714287,,,
856,1,,1.0,,,,660.1114285714285,,14777.417142857143,,,
857,1,,,,,,983.3739285714286,,,,,
858,1,,,,,,660.2478571428571,,,,,
859,1,,,,,,359.0332142857143,,,,,
860,1,,,,,,169.96964285714284,,,,,
861,1,,,,,,736.4207142857142,,,,,
862,1,,,,,,3.5835714285714286,,,,,
863,1,,,1.0,1.0,2.0,21.936785714285715,,,0.0,1.1785714285714286,63.80321428571428
864,1,,,1.0,,,23.49607142857143,,,0.0,,
865,1,,,,,,591.2628571428571,,,,,
866,1,,,,,,1751.3507142857143,,,,,
867,1,,,1.0,,,1097.7342857142858,,,0.0,,
868,1,,2.0,,,,0.0,,848.3725000000001,,,
869,1,1.0,3.0,,,,352.82785714285717,5469.851071428571,833.2367857142857,,,
870,1,,,1.0,,,122.10642857142857,,,182.96571428571428,,
871,1,,,,1.0,2.0,2853.2082142857143,,,,122.11714285714287,8660.066071428571
872,1,,,,,,13775.455,,,,,
873,1,,,,,,107.2625,,,,,
874,1,1.0,2.0,1.0,,,3612.059285714286,1628.4907142857141,1218.6610714285714,0.0,,
875,1,,,,,,50.341071428571425,,,,,
876,1,1.0,,1.0,,,5948.005714285714,7155.010357142857,,0.0,,
877,1,,,,,,2163.824642857143,,,,,
878,1,,22.0,,,,1519.9492857142857,,617.8335714285714,,,
879,1,,,,,,3871.886785714286,,,,,
880,1,,,,,,70.54857142857142,,,,,
881,2,,,,,,3024.1453571428574,,,,,
882,1,1.0,1.0,,,,51.971785714285716,19147.45464285714,11207.173214285713,,,
883,1,,,,,,236.21785714285716,,,,,
884,1,,,1.0,,,2250.3082142857143,,,0.0,,
885,1,,,,,,3641.432142857143,,,,,
886,1,1.0,,,,,168.90464285714285,115074.53357142858,,,,
887,1,,,,,,402.8014285714286,,,,,
888,1,,,,,,137.52178571428573,,,,,
889,1,,,,,,2560.4264285714285,,,,,
890,1,1.0,,,,,1024.4442857142856,16727.635357142855,,,,
891,1,,,1.0,,,1131.6232142857143,,,0.0,,
892,1,,,1.0,,,0.0,,,641.1453571428572,,
893,1,,,,,,2.468928571428571,,,,,
894,1,,,1.0,1.0,2.0,354.98285714285714,,,0.0,0.7142857142857143,2182.3967857142857
895,1,1.0,,,,,997.9667857142857,26797.119285714285,,,,
896,1,,,,,,1743.7385714285715,,,,,
897,1,1.0,3.0,,,,0.7553571428571428,7567.191785714285,6511.858928571428,,,
898,1,1.0,2.0,,,,2741.8989285714283,1750.5525,563.3707142857143,,,
899,1,,,,,,1068.9364285714287,,,,,
900,1,,,,,,7.145714285714286,,,,,
901,1,,,1.0,1.0,1.0,153.9807142857143,,,803.7907142857142,983.7857142857143,9501.474642857142
902,1,,,,,,13482.236071428571,,,,,
903,1,,,,,,414.7292857142857,,,,,
904,1,,,,,,3758.344285714286,,,,,
905,1,,,,,,4899.0482142857145,,,,,
906,1,,,,,,50.730000000000004,,,,,
907,1,,,,,,778.5221428571429,,,,,
908,1,,,,,,54172.86928571429,,,,,
909,1,,,1.0,,1.0,4.710714285714286,,,0.0,,4291.996428571429
910,1,1.0,,,1.0,,3007.753214285714,1149.5053571428573,,,928.4642857142857,
911,1,,,1.0,,,3.257142857142857,,,0.0,,
912,1,,,,,,3.496785714285714,,,,,
913,1,,1.0,,,,2102.5003571428574,,7975.683571428572,,,
914,1,,,,,2.0,2.6075000000000004,,,,,12567.025714285714
915,1,,1.0,1.0,,,33.43214285714286,,13680.277142857143,175.59964285714287,,
916,1,1.0,5.0,1.0,1.0,,7949.006785714286,554.9710714285715,2545.743214285714,470.0514285714286,1188.7867857142858,
917,1,1.0,1.0,,,,9.055,191.30928571428572,0.0,,,
918,1,,,,,,1054.8021428571428,,,,,
919,1,,,1.0,,,254.0117857142857,,,0.0,,
920,1,,,,,,111.87035714285715,,,,,
921,2,,,,,,2691.9957142857143,,,,,
922,1,,,,,,1963.8014285714287,,,,,
923,1,,,,,,96.08928571428571,,,,,
924,1,,,1.0,1.0,,341.5514285714286,,,0.0,460.0892857142857,
925,1,,,,,,527.9432142857142,,,,,
926,1,,,1.0,,,2860.8021428571433,,,0.0,,
927,1,1.0,1.0,,,,1897.8360714285716,3104.5839285714287,3904.851785714286,,,
928,1,,26.0,,,,10594.522500000001,,69777.20535714286,,,
929,1,,,,,,291.1532142857143,,,,,
930,1,2.0,,,,,849.1971428571429,4113.770357142857,,,,
931,1,,,,,,10349.92,,,,,
932,1,1.0,7.0,,,,3060.9460714285715,7537.403214285715,2116.0714285714284,,,
933,1,,,1.0,,,1624.8632142857143,,,0.0,,
934,1,,,1.0,1.0,1.0,1613.8460714285716,,,0.0,708.2582142857143,3261.6978571428567
935,1,,,1.0,,,2430.9746428571425,,,0.0,,
936,1,,,,,,1973.2807142857143,,,,,
937,1,,,,,,361.58964285714285,,,,,
938,1,1.0,2.0,,,,7.576785714285714,52743.09071428572,0.0,,,
939,1,,,,,,2181.302142857143,,,,,
940,1,,,,,,0.0,,,,,
941,1,,,,,,4466.422142857143,,,,,
942,1,2.0,3.0,,,,2841.414285714286,27797.979642857146,0.0,,,
943,1,,,,1.0,,446.3989285714286,,,,1.1785714285714286,
944,1,,,,,,764.6896428571429,,,,,
945,1,,,,,,411.00821428571425,,,,,
946,1,1.0,1.0,,1.0,,9830.705357142857,1796.0335714285716,1131.907857142857,,2.357142857142857,
947,1,,,,,,1313.1657142857143,,,,,
948,1,,,,,3.0,2574.7775,,,,,13012.385714285714
949,1,1.0,,1.0,1.0,,693.7617857142858,516.1596428571428,,0.0,523.8107142857143,
950,1,,,,,,41.46035714285715,,,,,
951,2,1.0,,1.0,1.0,,338.36499999999995,93895.68785714285,,0.0,30.345,
952,1,,,,,1.0,72.4042857142857,,,,,1447.7096428571429
953,1,1.0,,,,,1507.6957142857143,1508.5532142857141,,,,
954,1,1.0,,,,,32.559285714285714,1460.8,,,,
955,1,,,,,,3131.2239285714286,,,,,
956,2,,,1.0,,,3611.397857142857,,,0.0,,
957,1,2.0,,1.0,,,125.80642857142857,5069.315714285714,,664.3207142857143,,
958,1,,,,1.0,,648.5142857142857,,,,511.93642857142856,
959,1,,,,,,186.0989285714286,,,,,
960,1,,,,,,515.3353571428571,,,,,
961,1,,,,,,251.33607142857142,,,,,
962,1,,,,,,1783.9614285714285,,,,,
963,1,1.0,1.0,,,,10607.822857142857,87931.59892857143,4991.413571428571,,,
964,1,,,1.0,,,2445.9664285714284,,,345.0017857142857,,
965,4,,,1.0,1.0,,319.0475,,,0.0,1.1785714285714286,
966,1,,,,,,476.2132142857143,,,,,
967,1,,,,,,886.8014285714286,,,,,
968,1,,,1.0,,,158.03892857142858,,,0.0,,
969,1,,,,,,10820.708571428573,,,,,
970,1,1.0,10.0,,,,30.576428571428572,12347.847142857141,0.0,,,
971,1,,,,,,28.571428571428573,,,,,
972,1,1.0,,,,,2780.945357142857,3422.092142857143,,,,
973,1,,,,,,1633.8282142857145,,,,,
974,1,,,,,,6298.261428571429,,,,,
975,2,,,,,,85.04535714285714,,,,,
976,1,1.0,3.0,,,,16.882142857142856,1866.0357142857142,9412.839285714286,,,
977,1,,,,,,2639.308571428571,,,,,
978,1,1.0,3.0,,,,139.83892857142857,37869.08535714285,0.0,,,
979,1,1.0,,,,,18896.312857142857,1025.0135714285714,,,,
980,1,,,,,,97.62857142857142,,,,,
981,1,,,,,,2754.4928571428572,,,,,
982,1,,,,,,1813.5207142857143,,,,,
983,1,1.0,2.0,,,,462.22178571428566,1053.04,0.0,,,
984,1,,,,,,1049.024642857143,,,,,
985,1,,,1.0,,,58.1,,,164.67535714285714,,
986,1,,,1.0,1.0,,469.3117857142857,,,0.0,247.36999999999998,
987,1,,,,,,21.125,,,,,
988,1,,,,,,705.8725000000001,,,,,
989,3,,,,,,778.1028571428571,,,,,
990,1,1.0,,,,,181.4857142857143,22492.738214285717,,,,
991,1,,,,,,37.658928571428575,,,,,
992,1,,,,,,1795.1217857142858,,,,,
993,1,1.0,3.0,,,,2.045,5401.167142857143,0.0,,,
994,1,,,,,2.0,2314.6135714285715,,,,,515.4564285714285
995,1,,,,,,292.9007142857143,,,,,
996,1,,,,,,5689.675357142857,,,,,
997,1,2.0,,,,,273.68607142857144,9222.918571428572,,,,
998,1,,,1.0,1.0,,2435.4757142857147,,,0.0,242.6239285714286,
999,1,,,,,,26.30392857142857,,,,,
1000,1,,,,,,55934.02035714286,,,,,
1001,1,,,1.0,,,714.4475,,,529.8546428571428,,
1002,1,,,1.0,1.0,,115.02285714285713,,,0.0,0.0,
1003,1,,,,,,3465.5371428571425,,,,,
1004,1,,,,,,2107.8367857142857,,,,,
1005,1,,,1.0,1.0,1.0,16.228928571428572,,,0.0,2.357142857142857,983.1507142857143
1006,1,,,,,,0.0,,,,,
1007,1,1.0,4.0,,,,46.14892857142858,0.0007142857142857143,0.0,,,
1008,1,2.0,4.0,,,,201.5717857142857,5440.297142857143,0.0,,,
1009,1,1.0,,,,,73.96714285714286,0.37857142857142856,,,,
1010,1,,,,,,4700.144285714286,,,,,
1011,1,,,,,,358.84464285714284,,,,,
1012,1,,,,,,2.7375000000000003,,,,,
1013,1,,,,,,443.1457142857143,,,,,
1014,1,,,,,,10020.610357142858,,,,,
1015,1,1.0,,,,,794.4564285714285,1951.595357142857,,,,
1016,1,,,1.0,,1.0,947.1507142857143,,,0.0,,384.91249999999997
1017,1,,,,,,903.6382142857143,,,,,
1018,1,,,,,1.0,1400.9367857142859,,,,,1278.5925
1019,1,,,,,,337.4732142857143,,,,,
1020,1,,,,,,240.9632142857143,,,,,
1021,1,,,,,,2537.3210714285715,,,,,
1022,1,,,,1.0,,375.5846428571429,,,,1055.2010714285714,
1023,1,,,,,,2916.7925,,,,,
1024,1,,,,,,193.04,,,,,
1025,1,,,1.0,,2.0,5558.475357142857,,,707.3932142857142,,10121.470714285713
1026,1,,,,,,389.0253571428571,,,,,
1027,1,,,,,,5265.1167857142855,,,,,
1028,1,,,,,,307.8357142857143,,,,,
1029,1,,,1.0,,,2.914285714285714,,,924.8914285714285,,
1030,2,1.0,,,,,8055.420357142857,37569.466785714285,,,,
1031,1,,,,,1.0,173.26392857142858,,,,,2529.5685714285714
1032,1,,,,,,1114.8675,,,,,
1033,1,1.0,3.0,,,,193.5725,10743.74142857143,0.0,,,
1034,1,,,,,,158.76892857142857,,,,,
1035,3,1.0,1.0,,,,104.60178571428571,4644.8207142857145,15094.395,,,
1036,1,1.0,,,,,819.3517857142857,32160.165714285715,,,,
1037,1,,,1.0,1.0,,3203.4564285714287,,,0.0,0.7142857142857143,
1038,1,,,,,,27.035714285714285,,,,,
1039,1,,,1.0,,,2.1089285714285713,,,0.0,,
1040,1,1.0,4.0,,,,3135.429642857143,15743.120357142858,3678.5714285714284,,,
1041,1,,1.0,1.0,1.0,,22.291071428571428,,178571.42857142858,0.0,30.928571428571427,
1042,1,,,1.0,,,13648.459642857142,,,0.0,,
1043,1,,,1.0,,1.0,658.5878571428572,,,0.0,,5781.347500000001
1044,1,2.0,1.0,,,,84.14428571428572,69302.39285714286,45697.57214285714,,,
1045,1,,,1.0,,,469.4325,,,0.0,,
1046,1,,,,,,5942.160000000001,,,,,
1047,1,1.0,2.0,,,,10.63892857142857,3286.098214285714,8152.386428571429,,,
1048,1,,,1.0,,,1911.4914285714287,,,0.0,,
1049,1,,,,,,329.0610714285714,,,,,
1050,1,,5.0,,,,113.80964285714286,,2880.867142857143,,,
1051,1,,,1.0,1.0,1.0,0.0,,,0.0,156.4192857142857,310.2007142857143
1052,1,,,,,,1.2785714285714285,,,,,
1053,1,,,,,,107.14285714285714,,,,,
1054,1,,,,,,1098.0239285714285,,,,,
1055,1,,,,,,838.6396428571428,,,,,
1056,1,,,,,,283.60499999999996,,,,,
1057,1,1.0,4.0,,,,1484.7503571428572,232.5767857142857,1213.9285714285713,,,
1058,1,1.0,1.0,,,,431.3464285714286,6657.720357142857,4239.060357142857,,,
1059,1,1.0,4.0,,,,819.1517857142857,1816.0475000000001,210.35714285714286,,,
1060,1,,,,,,633.7039285714285,,,,,
1061,1,,,,,,2279.7428571428572,,,,,
1062,1,1.0,,,,,7.6274999999999995,18634.06,,,,
1063,1,,,1.0,,1.0,291.1475,,,0.0,,4116.311428571428
1064,1,,1.0,,1.0,,23.856428571428573,,52133.854999999996,,0.0,
1065,1,,,1.0,,1.0,1450.2350000000001,,,0.0,,360.3546428571429
1066,2,,3.0,,,1.0,40.191071428571426,,0.0,,,3708.253928571429
1067,1,,,,,1.0,3813.8689285714286,,,,,4128.4
1068,1,,,,1.0,,3002.503928571429,,,,1020.8460714285713,
1069,1,,,,,,12137.77607142857,,,,,
1070,2,,,1.0,,,176.8125,,,0.0,,
1071,1,,,1.0,1.0,2.0,53.393214285714286,,,0.0,7.178571428571429,5414.101785714286
1072,2,2.0,,,,,2081.6007142857143,5343.591428571429,,,,
1073,1,,3.0,,1.0,,0.0,,3091.187142857143,,1.7146428571428571,
1074,1,,,,,,1218.1325,,,,,
1075,1,,,,,,1021.6946428571429,,,,,
1076,1,1.0,,,,,142.85714285714286,56803.30714285715,,,,
1077,2,1.0,3.0,,,,976.5239285714285,1955.6385714285714,0.0,,,
1078,1,,,,,,111.17321428571428,,,,,
1079,1,,,,,,4314.886428571429,,,,,
1080,1,,,,,,4019.534285714286,,,,,
1081,1,,,,,,5.3428571428571425,,,,,
1082,1,,,,,,2725.1139285714285,,,,,
1083,2,,1.0,,,,42.61892857142857,,759.1507142857143,,,
1084,1,,,,,,529.0857142857143,,,,,
1085,1,,,1.0,,1.0,0.5360714285714285,,,0.0,,1384.7114285714285
1086,1,,,,,,2455.7714285714287,,,,,
1087,1,1.0,18.0,,,,0.0,0.0,3687.2599999999998,,,
1088,1,,,,,,2118.5864285714283,,,,,
1089,1,,,,,,6987.590357142857,,,,,
1090,1,,,1.0,,,189.7825,,,0.0,,
1091,1,1.0,26.0,,,,7.107142857142857,0.008928571428571428,0.0,,,
1092,1,,,,,,0.13785714285714284,,,,,
1093,1,,,,,,12568.637142857144,,,,,
1094,1,,,,,,89.02250000000001,,,,,
1095,1,,11.0,,,,1180.3325,,6541.027499999999,,,
1096,1,,4.0,,,,341.01928571428573,,0.0,,,
1097,1,1.0,2.0,,,,914.7375000000001,3849.4746428571425,14285.714285714286,,,
1098,2,,2.0,1.0,1.0,1.0,143.16285714285715,,0.0,439.355,2382.9460714285715,10628.533571428572
1099,1,,,,,,87.9175,,,,,
1100,1,,,,,,11.178214285714287,,,,,
1101,1,1.0,2.0,,,,1.4385714285714286,5357.345357142857,12399.136785714287,,,
1102,2,,,,,,191.33214285714286,,,,,
1103,1,,,,1.0,1.0,31681.494642857142,,,,112.22821428571429,2304.64
1104,1,,,1.0,1.0,1.0,0.0,,,0.0,1.1785714285714286,120.67607142857142
1105,1,,,,,,7445.069285714286,,,,,
1106,1,,,,,,241.27821428571428,,,,,
1107,1,1.0,,1.0,,,100.98214285714286,2115.6203571428573,,0.0,,
1108,1,,,,,,3388.0417857142857,,,,,
1109,1,,,,,,1706.419642857143,,,,,
1110,1,,,1.0,,,24.37964285714286,,,54.335,,
1111,1,1.0,,,,,65.30785714285715,10105.829642857143,,,,
1112,1,2.0,,,,,42.066071428571426,28543.7175,,,,
1113,1,,,1.0,,,9.98,,,293.1821428571429,,
1114,1,,,1.0,,1.0,4102.243214285714,,,0.0,,5177.691785714285
1115,1,,,,,,4069.934285714286,,,,,
1116,1,1.0,,1.0,1.0,1.0,124.16535714285715,0.4810714285714286,,98.2817857142857,211.14642857142857,10166.985714285713
1117,1,,,1.0,1.0,2.0,393.88357142857143,,,2055.3253571428572,0.7142857142857143,11060.533928571429
1118,1,,3.0,1.0,,,420.8014285714286,,314723.165,0.0,,
1119,1,,7.0,1.0,,,3352.822142857143,,0.0,0.0,,
1120,1,,,,,,10688.807499999999,,,,,
1121,1,,,,,,52.526428571428575,,,,,
1122,1,,,,,,3747.3196428571428,,,,,
1123,1,,,1.0,,,147.51964285714286,,,0.0,,
1124,1,,,,,,4570.134642857143,,,,,
1125,1,,,,,,401.16249999999997,,,,,
1126,1,,,,,,1969.3992857142857,,,,,
1127,1,,,1.0,,,1646.4164285714287,,,0.0,,
1128,1,,,,,,379.34857142857146,,,,,
1129,1,,,,,,30969.845,,,,,
1130,1,,,1.0,,,0.44821428571428573,,,1776.0653571428572,,
1131,1,,,1.0,,,231.26857142857145,,,0.0,,
1132,1,,4.0,1.0,,,0.0,,18725.75357142857,0.0,,
1133,1,1.0,1.0,1.0,,,1.7610714285714286,35.81214285714286,36102.208928571425,0.0,,
1134,1,,,1.0,,1.0,2534.9835714285714,,,0.0,,4249.217857142858
1135,1,1.0,2.0,1.0,,,2253.8857142857146,405.61428571428576,0.0,166.20714285714286,,
1136,1,,,,,,12741.82142857143,,,,,
1137,1,,,,,,232.55892857142857,,,,,
1138,1,,,1.0,,,422.61428571428576,,,0.0,,
1139,1,,,,,,0.0,,,,,
1140,1,,,,,,2538.9314285714286,,,,,
1141,1,,,,,,2262.1789285714285,,,,,
1142,1,3.0,1.0,,,,5239.471071428571,255.23892857142854,113.21678571428572,,,
1143,1,,,,,,4577.445000000001,,,,,
1144,1,1.0,2.0,1.0,,,1329.5982142857142,0.0071428571428571435,6071.720714285714,0.0,,
1145,1,,,,,,324.71,,,,,
1146,1,,,1.0,,,286.70750000000004,,,0.0,,
1147,1,,,,,,27.195357142857144,,,,,
1148,1,1.0,,,1.0,,83.90107142857143,569.4092857142857,,,808.1078571428571,
1149,1,,,1.0,,,0.0,,,62.7025,,
1150,1,,,1.0,,,6.476071428571429,,,0.0,,
1151,1,,,1.0,,1.0,35454.3,,,12.34,,1651.2996428571428
1152,1,,,,,,727.3235714285714,,,,,
1153,1,,1.0,,,,180.53178571428572,,17.728571428571428,,,
1154,1,,,,,,10.644642857142857,,,,,
1155,1,,,,,,31.785714285714285,,,,,
1156,1,,,,,,47.19214285714286,,,,,
1157,1,1.0,,1.0,1.0,,8214.664999999999,86661.13821428572,,0.0,1.4285714285714286,
1158,1,1.0,,1.0,,,7.142857142857143,3684.8639285714285,,0.0,,
1159,1,1.0,,,,,467.1382142857143,21.534285714285716,,,,
1160,1,,,1.0,,1.0,2723.980357142857,,,0.0,,4239.8775000000005
1161,1,1.0,,,,,602.1117857142857,5384.086428571429,,,,
1162,1,,,,,,71.60178571428571,,,,,
1163,1,,,,,,4143.043571428571,,,,,
1164,1,,,,,,2.9089285714285715,,,,,
1165,1,,,,,,19180.76607142857,,,,,
1166,1,,,,,,1780.152857142857,,,,,
1167,1,1.0,,1.0,,,213.06857142857143,3877.464285714286,,0.0,,
1168,1,1.0,,1.0,1.0,,5308.6449999999995,23934.508214285714,,0.0,0.0,
1169,1,,,,,,1824.0400000000002,,,,,
1170,1,1.0,,,,,1845.1207142857143,45528.44178571429,,,,
1171,1,,,,,,5.6325,,,,,
1172,1,1.0,1.0,,,,2175.2410714285716,81.87964285714285,20497.158928571425,,,
1173,1,,,,,,2501.676071428571,,,,,
1174,1,,,,,,1.522142857142857,,,,,
1175,1,,,,,,25428.11142857143,,,,,
1176,1,,,,,,9325.020357142857,,,,,
1177,1,,,,,,5320.353214285715,,,,,
1178,1,1.0,,,,,38.045,40400.51642857143,,,,
1179,1,,,1.0,,1.0,0.00035714285714285714,,,0.0,,2190.5910714285715
1180,1,,,,1.0,1.0,18364.818571428572,,,,119.84285714285714,1361.0182142857143
1181,1,,8.0,,,,1329.4950000000001,,0.0,,,
1182,1,,,1.0,1.0,,3044.5989285714286,,,0.0,512.8,
1183,1,1.0,5.0,,,,623.4685714285714,84.35642857142857,208.59678571428572,,,
1184,1,,1.0,1.0,,,2282.5242857142857,,0.0,793.6710714285715,,
1185,2,,,,,,0.0,,,,,
1186,1,,,,,,3307.4125,,,,,
1187,1,,,,,,10.77,,,,,
1188,1,1.0,1.0,1.0,,,28.838214285714287,2236.0314285714285,39221.835,0.0,,
1189,1,1.0,,,,,48.986785714285716,8421.004642857142,,,,
1190,1,,,,,,53.385714285714286,,,,,
1191,1,1.0,,,1.0,,907.0853571428571,638.6628571428572,,,283.8092857142857,
1192,1,1.0,7.0,,,,2789.3424999999997,10566.784285714286,11171.42857142857,,,
1193,2,,,1.0,,,4180.6975,,,0.0,,
1194,1,,,,,,4.670357142857143,,,,,
1195,1,,,1.0,,,120.15178571428571,,,0.0,,
1196,1,,,,,,3405.2428571428572,,,,,
1197,1,,,,,,320.05,,,,,
1198,1,,,,,,3378.41,,,,,
1199,1,,,,,,0.0,,,,,
1200,1,1.0,2.0,1.0,1.0,,2137.8975,6841.314642857143,71428.57142857143,0.0,2.357142857142857,
1201,2,,,1.0,,,115.46428571428571,,,0.0,,
1202,3,,,,,,1500.8082142857143,,,,,
1203,1,,,,,,35.145357142857144,,,,,
1204,1,,,,,,147.31785714285712,,,,,
1205,1,,,1.0,,,628.3125,,,176.88535714285715,,
1206,1,,,,,,79.51178571428571,,,,,
1207,1,1.0,2.0,,1.0,,1347.8132142857141,5193.253214285714,1445.1378571428572,,318.5078571428571,
1208,1,,,,,,664.5782142857142,,,,,
1209,1,,,,,,588.7410714285714,,,,,
1210,1,1.0,,,,,2639.026785714286,67.13142857142857,,,,
1211,1,,,1.0,1.0,,251.02714285714288,,,0.0,2.357142857142857,
1212,1,,,1.0,,,8.087142857142856,,,0.0,,
1213,1,,,1.0,,,1615.3417857142856,,,0.0,,
1214,2,,2.0,,,,2102.1614285714286,,9584.659642857141,,,
1215,1,,,,,,3079.511428571429,,,,,
1216,1,,,,,1.0,166.9182142857143,,,,,4202.201428571429
1217,1,,,,,,6752.244642857143,,,,,
1218,1,1.0,,,,,54.82392857142857,1584.6432142857143,,,,
1219,1,,,,,,5164.206428571429,,,,,
1220,1,1.0,,1.0,1.0,,1242.6432142857143,26851.724642857145,,493.2075,1.4285714285714286,
1221,1,,,1.0,,,2577.3292857142856,,,0.0,,
1222,1,,,,,,21770.8125,,,,,
1223,1,,,,,,143.31678571428571,,,,,
1224,1,,,,,,116.33142857142857,,,,,
1225,1,,,,,,3749.1349999999998,,,,,
1226,1,,4.0,1.0,1.0,,35.714285714285715,,15589.226785714285,0.0,1.1785714285714286,
1227,1,2.0,,,,,106.74321428571429,35945.74357142857,,,,
1228,1,,,,,,1018.8925,,,,,
1229,1,,,,,,324.0157142857143,,,,,
1230,1,,1.0,1.0,1.0,,3.1092857142857144,,9198.638214285715,0.0,382.2635714285714,
1231,1,,,,,,819.8539285714286,,,,,
1232,1,,,,,,18.089285714285715,,,,,
1233,1,,,,,,199.51107142857146,,,,,
1234,1,,,,,,0.019285714285714288,,,,,
1235,1,1.0,6.0,,,,27.67214285714286,5936.270714285713,10492.55392857143,,,
1236,1,1.0,,,,,2278.614642857143,0.0,,,,
1237,1,1.0,,,,1.0,1028.4814285714285,728.4482142857142,,,,10059.695714285714
1238,1,,,,,,602.6167857142857,,,,,
1239,1,,,,,,1421.060714285714,,,,,
1240,1,,,1.0,,2.0,5.8428571428571425,,,0.0,,194.80392857142857
1241,1,,,1.0,,,22939.27,,,0.0,,
1242,1,,2.0,1.0,,,281.6489285714286,,12436.572142857143,28.294642857142858,,
1243,2,,3.0,,,,1.2914285714285714,,8745.785714285714,,,
1244,1,,,,,,2392.7146428571427,,,,,
1245,1,,,,,,538.6903571428571,,,,,
1246,1,,,,,,12519.4,,,,,
1247,1,1.0,,1.0,,,790.3917857142858,0.009642857142857144,,0.0,,
1248,2,,1.0,,,,12.71642857142857,,10422.849642857142,,,
1249,1,,,,,,7292.547857142857,,,,,
1250,1,,,1.0,,,825.8328571428572,,,0.0,,
1251,1,,,1.0,,,809.2982142857143,,,0.0,,
1252,1,2.0,2.0,,,,95.57821428571428,12681.210714285715,0.0,,,
1253,1,,,1.0,,,1181.3639285714287,,,0.0,,
1254,1,,,,,,740.4503571428571,,,,,
1255,1,,,,,,7410.411071428572,,,,,
1256,1,,,1.0,1.0,,237.14857142857142,,,0.0,426.4360714285714,
1257,1,,,,,,1693.3775,,,,,
1258,1,1.0,7.0,1.0,,,147.04892857142858,357.92214285714283,0.0,0.0,,
1259,2,,,,,1.0,0.0,,,,,2933.3135714285713
1260,1,2.0,,,,,2811.382857142857,3586.7117857142853,,,,
1261,1,,,1.0,,,958.0035714285714,,,336.21,,
1262,1,1.0,1.0,,,,5.727857142857142,35256.977857142854,1350.0739285714285,,,
1263,1,,,1.0,1.0,1.0,0.0,,,1211.6210714285714,2.357142857142857,4233.136071428571
1264,1,,,,,,12992.510714285714,,,,,
1265,1,,,,,,2941.9939285714286,,,,,
1266,1,,1.0,1.0,,,2094.6692857142857,,7743.577142857143,0.0,,
1267,1,1.0,,1.0,,1.0,1753.0407142857143,1959.8710714285714,,461.3339285714286,,4312.384642857143
1268,1,,,,,,491.3907142857143,,,,,
1269,1,,,,,,514.0550000000001,,,,,
1270,1,,,,,,3.658214285714286,,,,,
1271,2,1.0,1.0,1.0,,,4492.061785714285,1990.5028571428572,0.0,0.0,,
1272,1,,1.0,,,,5786.205714285715,,5861.208928571429,,,
1273,1,,,,,,165.95000000000002,,,,,
1274,1,,6.0,,,,15.485,,0.0,,,
1275,1,,,,,,39.791785714285716,,,,,
1276,1,,,,,2.0,13915.925357142856,,,,,1764.5892857142858
1277,1,1.0,5.0,,1.0,,7.361071428571429,3230.0964285714285,0.0,,1.4285714285714286,
1278,1,1.0,,1.0,,,3964.0125000000003,87992.25607142856,,0.0,,
1279,1,,,,,,3812.3167857142857,,,,,
1280,1,,,,,,25191.649999999998,,,,,
1281,1,,,,,,7241.1389285714295,,,,,
1282,1,,3.0,,1.0,,12164.779285714287,,1909.8492857142858,,-4.464285714285714,
1283,1,,,,,,616.2014285714286,,,,,
1284,1,,,,,,17.917142857142856,,,,,
1285,1,,,,,,84.30357142857143,,,,,
1286,1,,3.0,,,,5612.3525,,3567.8396428571427,,,
1287,1,,,1.0,1.0,,2962.5217857142857,,,0.0,315.01214285714286,
1288,1,1.0,,1.0,1.0,,275.50178571428575,539.5925,,0.0,9.5,
1289,1,3.0,4.0,,,,1904.9267857142856,7925.148928571429,0.0,,,
1290,1,,,1.0,,,17862.919285714284,,,335.5207142857143,,
1291,1,1.0,3.0,1.0,,,1728.6575,5836.790714285715,36624.948214285716,0.0,,
1292,1,,,,,,244.81642857142856,,,,,
1293,1,1.0,,1.0,,,465.5467857142857,257.125,,0.0,,
1294,1,,,1.0,,,980.1721428571428,,,0.0,,
1295,1,,,1.0,1.0,1.0,1651.142857142857,,,901.6160714285714,216.99714285714285,301.5546428571429
1296,1,,,,,1.0,82.895,,,,,3237.48
1297,1,,,,,,14.646071428571428,,,,,
1298,3,,,,,1.0,40.69714285714286,,,,,639.8746428571429
1299,1,,,,,,1725.3710714285714,,,,,
1300,1,,,1.0,,,0.0,,,0.0,,
1301,1,,,1.0,,,603.4128571428572,,,93.60357142857143,,
1302,1,1.0,,,,,35.83464285714286,1888.0625,,,,
1303,1,,,,,,24326.445,,,,,
1304,1,,,1.0,,,4963.121071428572,,,0.0,,
1305,1,,,1.0,,,73.56642857142857,,,0.0,,
1306,1,,,,,,253.21214285714285,,,,,
1307,1,,,1.0,,,0.012857142857142857,,,0.0,,
1308,1,,,,,,12.612857142857143,,,,,
1309,1,,,,,,0.040357142857142855,,,,,
1310,1,,,,,,4018.2067857142856,,,,,
1311,1,,,,,,155.63464285714286,,,,,
1312,3,,,,,,11295.457142857142,,,,,
1313,1,,,,,,1041.444642857143,,,,,
1314,1,,,1.0,,,3404.655357142857,,,0.0,,
1315,1,,,1.0,1.0,1.0,2926.4828571428575,,,289.63357142857143,0.7142857142857143,2475.792857142857
1316,1,1.0,,1.0,1.0,,2145.81,5861.004642857143,,0.0,43.32142857142857,
1317,1,,,,,,435.1732142857143,,,,,
1318,1,,,,,,3547.1307142857145,,,,,
1319,1,,,,,,232.79535714285717,,,,,
1320,1,,,1.0,,,395.2632142857143,,,573.0067857142857,,
1321,1,,,,,,25.195357142857144,,,,,
1322,1,,2.0,1.0,,,454.69607142857143,,0.0,93.72678571428571,,
1323,1,,,,,,325.3625,,,,,
1324,1,1.0,2.0,,,,16287.627857142857,0.0,11404.145357142857,,,
1325,1,1.0,,,,,14561.740357142857,9648.365714285714,,,,
1326,1,,,,,,2174.4875,,,,,
1327,1,,,,,,7733.049285714286,,,,,
1328,1,,7.0,,,,505.8885714285714,,0.0,,,
1329,1,,45.0,,,,715.9089285714286,,90062.94607142858,,,
1330,1,1.0,,,,,5264.3267857142855,118932.76392857144,,,,
1331,1,,,,,,1091.6975,,,,,
1332,1,,,1.0,,,0.0,,,516.2825,,
1333,1,,,,,1.0,15106.0975,,,,,1113.3182142857142
1334,1,1.0,,,1.0,,11.183571428571428,204.42071428571427,,,1.8928571428571428,
1335,1,,,1.0,,,91.28321428571428,,,0.0,,
1336,1,,,,,,1315.715,,,,,
1337,1,1.0,6.0,,,,0.0,3930.255,3644.262142857143,,,
1338,1,,,,,,150.81964285714284,,,,,
1339,1,,,,,,8518.8575,,,,,
1340,1,,,,,,50.72035714285715,,,,,
1341,1,,,,,,5413.299285714286,,,,,
1342,1,,,1.0,,,14998.111071428571,,,0.0,,
1343,1,,,1.0,,1.0,77.94142857142857,,,0.0,,3681.46
1344,1,,,1.0,,,33954.502857142856,,,0.0,,
1345,1,2.0,,,1.0,1.0,490.44,73.46249999999999,,,158.64285714285714,4250.1167857142855
1346,2,,,,,,651.4214285714286,,,,,
1347,1,,,1.0,,,11238.1775,,,118.44964285714286,,
1348,1,1.0,3.0,,,,5316.222857142857,3786.695,308.88214285714287,,,
1349,1,,,1.0,,,172.2239285714286,,,0.0,,
1350,1,,,,,,4.249642857142857,,,,,
1351,1,1.0,5.0,,,,45.98107142857143,7402.633928571428,932.4157142857142,,,
1352,1,,,,,,2228.3939285714287,,,,,
1353,1,,,,1.0,,1257.3753571428572,,,,30.06607142857143,
1354,1,,,,,,21425.31142857143,,,,,
1355,1,,,,,,0.5932142857142857,,,,,
1356,1,,,,,,235.32107142857143,,,,,
1357,1,,,,,,2.4282142857142857,,,,,
1358,1,1.0,,,,,8.240357142857142,5352.294285714285,,,,
1359,1,1.0,,,,,6202.357857142857,1269.0867857142857,,,,
1360,1,,,,1.0,,649.8921428571429,,,,38.785714285714285,
1361,1,,,,,,2869.156071428571,,,,,
1362,1,1.0,,,1.0,,21933.971428571425,42857.729999999996,,,352.37392857142856,
1363,1,,,,,,6533.868571428572,,,,,
1364,1,1.0,,1.0,,,0.0,4846.536428571429,,260.86357142857145,,
1365,1,1.0,,,,,5130.735357142857,3772.054285714286,,,,
1366,1,,,1.0,,,47.161071428571425,,,0.0,,
1367,1,1.0,,,,,0.0,39664.086071428566,,,,
1368,1,,,,,,49585.301785714284,,,,,
1369,1,,,1.0,1.0,,19.86285714285714,,,0.0,611.7210714285713,
1370,1,,,,1.0,,340.855,,,,712.2960714285715,
1371,1,,,,,,758.8221428571429,,,,,
1372,1,1.0,,,,,224.75821428571427,549.0392857142857,,,,
1373,1,,,,,,1162.360357142857,,,,,
1374,1,,,1.0,,,0.83,,,0.0,,
1375,1,,,,,,47.82821428571429,,,,,
1376,1,,,,,1.0,123.98214285714286,,,,,2953.8125
1377,3,,,,,,289.5892857142857,,,,,
1378,1,,,1.0,,,247.32142857142858,,,1019.0024999999999,,
1379,1,,,,,,364.61642857142857,,,,,
1380,1,,,,,,3572.4500000000003,,,,,
1381,1,,,,,,144.87142857142857,,,,,
1382,1,,,1.0,,,428.81964285714287,,,0.0,,
1383,1,1.0,6.0,,,,199.82107142857143,2582.3292857142856,0.0,,,
1384,1,1.0,,1.0,1.0,,8270.066428571428,237.14892857142857,,713.1942857142857,479.3607142857143,
1385,1,1.0,,1.0,,,222.86178571428573,9141.175,,680.8517857142857,,
1386,1,1.0,,,,,74.68214285714285,27918.04535714286,,,,
1387,1,,,1.0,,1.0,853.342857142857,,,0.0,,11462.720357142856
1388,1,1.0,,1.0,,,463.3807142857143,5370.509285714286,,0.0,,
1389,1,,,,,,10944.83607142857,,,,,
1390,1,,,,,,13.5425,,,,,
1391,1,,,,,,2221.302857142857,,,,,
1392,1,1.0,3.0,,,,10.714285714285714,1726.8857142857144,0.0,,,
1393,1,,,,,,142.86285714285714,,,,,
1394,1,,,,,,37.470000000000006,,,,,
1395,1,,,,,,926.2092857142858,,,,,
1396,1,1.0,3.0,1.0,,,4.704642857142857,26270.410357142857,9335.085714285715,0.0,,
1397,1,,,,,,2.623214285714286,,,,,
1398,1,,3.0,,,,0.0,,0.0,,,
1399,1,,1.0,,1.0,1.0,0.0,,0.0,,301.11571428571426,5921.967857142858
1400,1,,,,,,252.79571428571427,,,,,
1401,1,1.0,,,,,881.6421428571429,1430.1460714285713,,,,
1402,1,,,,,,6.307857142857143,,,,,
1403,1,1.0,8.0,,,,4444.1849999999995,27030.265714285713,0.0,,,
1404,1,,,,,,133.43107142857144,,,,,
1405,1,,,,,,10056.746071428572,,,,,
1406,1,,,,,,55383.79785714286,,,,,
1407,1,,,,,,334.81678571428574,,,,,
1408,1,1.0,1.0,,,,31792.100714285712,12620.789999999999,0.0,,,
1409,1,,,1.0,,,62.53928571428571,,,0.0,,
1410,2,1.0,,,,,47767.96357142857,20635.04464285714,,,,
1411,1,,1.0,,,,2223.1285714285714,,11342.545714285716,,,
1412,1,,,,1.0,,5.257142857142857,,,,536.6857142857143,
1413,1,1.0,,,,,237.29607142857142,56187.43392857142,,,,
1414,1,1.0,,,,,171575.88964285716,7309.168214285714,,,,
1415,1,1.0,1.0,,,,6512.073571428571,18677.399642857144,501.0785714285715,,,
1416,1,,,1.0,1.0,,840.7164285714287,,,301.7503571428571,0.7142857142857143,
1417,1,1.0,,,,,633.5124999999999,2632.445357142857,,,,
1418,1,,,,,,1463.9989285714287,,,,,
1419,1,1.0,,1.0,,,3499.619642857143,35787.10571428571,,331.21392857142854,,
1420,1,,,,,,272.3878571428571,,,,,
1421,1,,,1.0,,,7480.104642857143,,,428.8139285714286,,
1422,1,1.0,,,,,2612.494642857143,880.0571428571428,,,,
1423,1,,,,,,443.8607142857143,,,,,
1424,1,,6.0,,,,604.7014285714286,,1866.0714285714287,,,
1425,1,,4.0,1.0,,,645.7096428571429,,10888.256785714286,0.0,,
1426,1,,,,,,61.3575,,,,,
1427,1,1.0,,,,,6.552142857142857,19861.2,,,,
1428,1,,,,,,8894.718214285715,,,,,
1429,1,,,1.0,1.0,1.0,0.0,,,0.0,1767.785357142857,1621.4217857142855
1430,1,,,1.0,,,3016.4310714285716,,,712.4285714285714,,
1431,1,,,,,,1046.317142857143,,,,,
1432,1,,,,,,273.32785714285717,,,,,
1433,1,,,,,,73.85214285714287,,,,,
1434,2,3.0,,,,,13808.472857142857,10698.813214285716,,,,
1435,1,,,1.0,,,874.1217857142857,,,0.0,,
1436,1,1.0,6.0,,,,1453.9053571428572,2331.7110714285714,4075.0,,,
1437,1,,,,,,323.1082142857143,,,,,
1438,1,,,,,,753.5307142857143,,,,,
1439,1,,,,,,9137.487857142858,,,,,
1440,1,,,1.0,,,1380.6664285714287,,,152.2775,,
1441,1,,,,,,116.28750000000001,,,,,
1442,1,,,1.0,,,0.00035714285714285714,,,0.0,,
1443,1,,,1.0,,1.0,2159.6539285714284,,,0.0,,9107.142857142857
1444,1,,,,,,2645.34,,,,,
1445,1,1.0,,1.0,,,6081.003928571428,6453.458928571429,,0.0,,
1446,1,,,,,,323.6457142857143,,,,,
1447,1,,,1.0,,1.0,13.278571428571428,,,0.0,,5083.001428571429
1448,1,,,,,,587.2010714285715,,,,,
1449,1,1.0,,,,,2053.013214285714,3920.5407142857143,,,,
1450,1,,,,,,83.72214285714286,,,,,
1451,1,,,,,,1877.0682142857145,,,,,
1452,1,,,,,,6772.471428571429,,,,,
1453,1,,,1.0,,,3702.84,,,339.58964285714285,,
1454,1,,,,,,0.0,,,,,
1455,1,1.0,1.0,1.0,,,42.857142857142854,0.0,0.0,0.0,,
1456,1,1.0,,,,,0.0,0.0,,,,
1457,1,,,,,,2928.815357142857,,,,,
1458,1,,,,,1.0,717.5417857142857,,,,,6734.996785714286
1459,1,,,1.0,,,9165.92,,,702.9003571428572,,
1460,1,,,,,1.0,2891.6785714285716,,,,,881.3278571428572
1461,1,,,1.0,,,38.30357142857143,,,0.0,,
1462,1,,,,,,893.9132142857143,,,,,
1463,1,,,,,,1041.2992857142858,,,,,
1464,1,,,1.0,,,1780.7525,,,1670.2807142857143,,
1465,1,,,,,,17.056428571428572,,,,,
1466,1,,,1.0,,,21.6275,,,0.0,,
1467,2,1.0,,1.0,,,5013.776071428571,6003.515357142857,,1568.8796428571427,,
1468,1,,,1.0,,,178.57142857142858,,,0.0,,
1469,1,1.0,4.0,,,,32.54357142857143,9686.63107142857,0.0,,,
1470,2,1.0,,1.0,,,0.0,3250.753928571429,,0.0,,
1471,1,,,1.0,,,4428.725714285714,,,0.0,,
1472,1,,,,,,7.142857142857143,,,,,
1473,1,1.0,,,1.0,1.0,29.024285714285714,14447.801428571429,,,653.91,1132.590357142857
1474,1,1.0,1.0,,,,4654.869285714286,6059.231785714285,0.0,,,
1475,1,,,,,,388.8267857142857,,,,,
1476,1,,11.0,,,,1138.5303571428572,,24442.242142857143,,,
1477,1,3.0,,1.0,,,1183.0539285714287,212.62892857142856,,113.845,,
1478,1,,5.0,,,,513.1835714285714,,3773.339285714286,,,
1479,1,,,,,,472.36607142857144,,,,,
1480,1,,,,,,235.3232142857143,,,,,
1481,1,,,1.0,,,6236.142142857143,,,0.0,,
1482,1,,,,,,14.482142857142858,,,,,
1483,1,,,,,,856.2492857142857,,,,,
1484,1,,,,,,0.0,,,,,
1485,1,1.0,1.0,,,,180.77214285714285,5295.096785714285,0.0,,,
1486,1,,,,,,2373.6896428571426,,,,,
1487,1,1.0,,,,,8193.20607142857,58108.258571428574,,,,
1488,1,,,,,1.0,0.0,,,,,3420.845357142857
1489,1,,,,,,6168.959642857143,,,,,
1490,1,1.0,,1.0,1.0,,70.70714285714286,0.0,,0.0,888.4632142857143,
1491,1,,,1.0,,,15886.911785714286,,,0.0,,
1492,1,,2.0,,,,6.057857142857143,,9021.25107142857,,,
1493,1,,,,,,9493.4025,,,,,
1494,1,,,1.0,1.0,,88.26964285714287,,,0.0,1202.720357142857,
1495,1,1.0,,,,,293.1660714285714,323.3885714285714,,,,
1496,1,,,,1.0,,3574.404642857143,,,,-8.283214285714285,
1497,1,,,1.0,,,3.1392857142857147,,,0.0,,
1498,1,,10.0,,,,243.18928571428572,,0.0,,,
1499,1,,,1.0,,1.0,0.0,,,127.35714285714286,,12738.255357142858
1500,1,,,1.0,,,90.45321428571428,,,0.0,,
1501,1,,,1.0,,,1270.7917857142857,,,0.0,,
1502,1,,,1.0,1.0,,711.0532142857144,,,558.3321428571428,408.36892857142857,
1503,1,,,1.0,1.0,,93.58285714285715,,,0.0,816.3596428571428,
1504,1,,1.0,1.0,,,249.19642857142858,,0.0,0.0,,
1505,1,3.0,,1.0,1.0,,73.135,3287.6585714285716,,490.53035714285716,382.625,
1506,1,,,1.0,,,197.46,,,586.1757142857142,,
1507,1,1.0,,,,,4623.956785714286,29.373214285714287,,,,
1508,1,1.0,1.0,,,,2719.842142857143,2678.3492857142855,1400.1835714285714,,,
1509,1,1.0,1.0,,,,1026.0582142857143,7650.93,308.88214285714287,,,
1510,1,,,1.0,1.0,,0.0,,,0.0,1400.9185714285716,
1511,1,,,1.0,1.0,1.0,0.0,,,0.0,551.865,971.9839285714286
1512,2,,,,,,542.1221428571429,,,,,
1513,1,1.0,6.0,,,,0.0,17859.757857142857,3732.1428571428573,,,
1514,1,,,,,,31.175,,,,,
1515,1,1.0,1.0,,,,4640.969285714285,11701.81,19866.071428571428,,,
1516,1,,,,1.0,,1471.5392857142856,,,,0.0,
1517,1,,,,,,53.04857142857143,,,,,
1518,2,,,,,,25.406785714285714,,,,,
1519,1,,,1.0,,,165.2125,,,1076.430357142857,,
1520,1,,,,,,18.076785714285712,,,,,
1521,2,,,,,,550.2889285714285,,,,,
1522,1,1.0,2.0,,1.0,,68.95928571428571,49838.29142857143,0.0,,212.11535714285714,
1523,1,,,,,,3248.6817857142855,,,,,
1524,1,,,,,,91.43357142857143,,,,,
1525,1,1.0,,,,,2788.490357142857,1988.2785714285715,,,,
1526,1,,,,,,10518.637499999999,,,,,
1527,1,,,1.0,1.0,,24.782857142857143,,,0.0,17.178571428571427,
1528,1,,,,,,1032.9950000000001,,,,,
1529,1,1.0,,,,,742.2635714285715,85471.00071428572,,,,
1530,1,,,,,,14404.767857142857,,,,,
1531,1,,2.0,1.0,,,0.0,,2331.3367857142857,0.0,,
1532,1,,2.0,,,,883.8357142857143,,0.0,,,
1533,1,,,,,,38.074999999999996,,,,,
1534,2,2.0,,,,,6300.916785714287,26708.332857142854,,,,
1535,1,1.0,,,1.0,,142.85714285714286,0.0,,,2.357142857142857,
1536,1,,,,1.0,,1009.0710714285715,,,,2.357142857142857,
1537,1,,,,,,224.2932142857143,,,,,
1538,1,1.0,,,,,2238.2657142857142,0.010357142857142856,,,,
1539,1,3.0,,1.0,1.0,,46.25,8.480714285714287,,0.0,1.4285714285714286,
1540,1,,,1.0,,,764.3778571428572,,,0.0,,
1541,1,,,,,,548.3846428571429,,,,,
1542,1,1.0,,,1.0,,54.0375,7554.2867857142855,,,0.7142857142857143,
1543,1,1.0,4.0,,,,0.3882142857142857,4679.489285714286,0.0,,,
1544,1,,,,,,424.2896428571429,,,,,
1545,1,1.0,,,,,8478.090357142857,281.9692857142857,,,,
1546,1,,,,,,13574.356785714286,,,,,
1547,1,,,,,,151.2867857142857,,,,,
1548,1,,,1.0,1.0,,676.7689285714285,,,0.6946428571428571,0.0,
1549,1,1.0,,,,,1161.5057142857142,57906.44357142857,,,,
1550,1,,,1.0,,,6233.727142857142,,,0.0,,
1551,1,,,1.0,,,0.0,,,44.62285714285714,,
1552,1,,,,,,1771.4667857142856,,,,,
1553,1,,,,,,108.76428571428572,,,,,
1554,1,,,,,,9641.124642857143,,,,,
1555,1,,,1.0,,,393.3885714285714,,,0.0,,
1556,1,,,,1.0,,18.709642857142857,,,,-15.479285714285714,
1557,1,,2.0,,,,55.55464285714286,,0.0,,,
1558,2,,,,,,347.0753571428572,,,,,
1559,1,,,,,,15.718928571428572,,,,,
1560,1,,5.0,,,,3522.7428571428572,,0.0,,,
1561,1,1.0,,,,,361.47035714285715,1927.5317857142857,,,,
1562,1,,,,,,270.7457142857143,,,,,
1563,1,,,1.0,,,127.68142857142857,,,0.0,,
1564,1,,,1.0,,,45.097857142857144,,,531.6296428571428,,
1565,1,,,1.0,,,822.2410714285714,,,0.0,,
1566,1,,,1.0,,,4024.289285714286,,,0.0,,
1567,1,,,,,,5.519285714285714,,,,,
1568,1,,,,,,24.214285714285715,,,,,
1569,1,3.0,32.0,,,,14341.997857142856,51.957499999999996,43666.092500000006,,,
1570,1,,,,,,0.0,,,,,
1571,1,,,,,,23635.8,,,,,
1572,1,1.0,1.0,,1.0,,346.2367857142857,0.20107142857142857,7251.969642857142,,1.7857142857142858,
1573,1,1.0,,1.0,1.0,,0.7410714285714286,2089.9389285714287,,0.0,274.74285714285713,
1574,1,,,,,,478.5435714285714,,,,,
1575,1,,,,,,5204.289642857142,,,,,
1576,1,,,1.0,,,2155.6600000000003,,,1031.077142857143,,
1577,1,,,,,,6280.635,,,,,
1578,1,,,,,,125.04785714285715,,,,,
1579,1,1.0,3.0,,,,427.1817857142857,8593.743928571428,0.0,,,
1580,1,1.0,,,1.0,1.0,1773.0982142857142,4105.325,,,709.0103571428572,2825.505
1581,1,,1.0,,,,74.36678571428571,,5907.5939285714285,,,
1582,2,,,1.0,1.0,,2.454285714285714,,,698.2592857142856,2.357142857142857,
1583,1,,,,,,4038.9710714285716,,,,,
1584,1,,,,,,0.0,,,,,
1585,1,,,,,,816.0564285714287,,,,,
1586,1,,,,,,0.0,,,,,
1587,1,,,,,,7251.733928571428,,,,,
1588,1,,,1.0,,,27856.069285714282,,,98.87750000000001,,
1589,1,,1.0,,,,5.2803571428571425,,6823.557142857143,,,
1590,1,,,,,,2622.9874999999997,,,,,
1591,1,,,1.0,,,154.55714285714288,,,0.0,,
1592,3,,,,,,71.61821428571429,,,,,
1593,1,1.0,,,,,2780.1749999999997,2650.870357142857,,,,
1594,1,,,1.0,,,9218.796071428571,,,248.48464285714286,,
1595,1,,,,1.0,,356.66964285714283,,,,1.4285714285714286,
1596,1,1.0,,,,,69.16928571428572,7168.960714285714,,,,
1597,1,,,1.0,,,5844.956071428571,,,0.0,,
1598,1,1.0,,,,,1785.8610714285714,20516.365357142855,,,,
1599,1,,,,,,7321.431071428572,,,,,
1600,1,1.0,,1.0,,,243.63107142857143,7280.285714285715,,0.0,,
1601,1,1.0,6.0,,,,0.7253571428571428,12657.74,44575.35214285715,,,
1602,1,,,,,,4380.475714285714,,,,,
1603,4,,,,,,54.426785714285714,,,,,
1604,1,,,,1.0,,12.418571428571429,,,,149.59285714285716,
1605,2,,,,,,79.14285714285714,,,,,
1606,1,,,,,1.0,2366.5767857142855,,,,,270.19678571428574
1607,1,,,,,1.0,22887.368928571428,,,,,744.8082142857144
1608,1,,,,1.0,1.0,554.1657142857142,,,,1.7857142857142858,3728.2907142857143
1609,1,,,,,,206.87214285714285,,,,,
1610,1,,,1.0,,,196.5442857142857,,,460.0775,,
1611,1,,,1.0,,,0.0,,,0.0,,
1612,1,,,1.0,,1.0,170.59321428571428,,,0.0,,6250.0
1613,1,,,,,,676.0085714285715,,,,,
1614,1,,,,,,0.010357142857142856,,,,,
1615,2,1.0,,1.0,,,118.93892857142858,314.04714285714283,,0.0,,
